<?xml version="1.0" encoding="UTF-8"?>
<info version="1.1">
  <general>
    <createDate>2023-05-24T14:25:12.58Z</createDate>
    <changeDate>2024-08-26T10:23:32.614Z</changeDate>
    <schema>iso19115-3.2018</schema>
    <isTemplate>n</isTemplate>
    <localId>103</localId>
    <format>full</format>
    <rating>0</rating>
    <popularity>15</popularity>
    <uuid>accroche_velos</uuid>
    <siteId>3bef299d-cf82-4033-871b-875f6936b2e2</siteId>
    <siteName>Test GeoNetwork-UI instance</siteName>
  </general>
  <categories />
  <privileges>
    <group name="all">
      <operation name="view" />
      <operation name="download" />
      <operation name="dynamic" />
    </group>
    <group name="intranet">
      <operation name="view" />
      <operation name="download" />
      <operation name="dynamic" />
    </group>
    <group name="sample" groupOwner="true">
      <operation name="view" />
      <operation name="notify" />
    </group>
  </privileges>
  <public />
  <private />
</info>

