<?xml version="1.0" encoding="UTF-8"?>
<info version="1.1">
  <general>
    <createDate>2022-08-05T07:28:49.392Z</createDate>
    <changeDate>2022-08-05T07:28:49.392Z</changeDate>
    <schema>iso19139</schema>
    <isTemplate>n</isTemplate>
    <localId>722</localId>
    <format>full</format>
    <rating>0</rating>
    <popularity>0</popularity>
    <uuid>009b5029-5651-4be4-9a9a-db8d8dfd05d0</uuid>
    <siteId>cec997ba-1fa4-48d9-8be0-890da8cc65cf</siteId>
    <siteName>Test GeoNetwork-UI instance</siteName>
  </general>
  <categories />
  <privileges />
  <public />
  <private />
</info>

