<?xml version="1.0" encoding="UTF-8"?>
<gmd:MD_Metadata xmlns:gmd="http://www.isotc211.org/2005/gmd" xmlns:gco="http://www.isotc211.org/2005/gco" xmlns:srv="http://www.isotc211.org/2005/srv" xmlns:gmx="http://www.isotc211.org/2005/gmx" xmlns:gts="http://www.isotc211.org/2005/gts" xmlns:gsr="http://www.isotc211.org/2005/gsr" xmlns:gmi="http://www.isotc211.org/2005/gmi" xmlns:gml="http://www.opengis.net/gml/3.2" xmlns:xlink="http://www.w3.org/1999/xlink" xmlns:geonet="http://www.fao.org/geonetwork" xmlns:xsi="http://www.w3.org/2001/XMLSchema-instance" xsi:schemaLocation="http://www.isotc211.org/2005/gmd http://schemas.opengis.net/csw/2.0.2/profiles/apiso/1.0.0/apiso.xsd">
  <gmd:fileIdentifier>
    <gco:CharacterString>02366c9c-3b4d-4c92-803b-f4d2d8b434a5</gco:CharacterString>
  </gmd:fileIdentifier>
  <gmd:language>
    <gmd:LanguageCode codeList="http://www.loc.gov/standards/iso639-2/" codeListValue="fre" />
  </gmd:language>
  <gmd:characterSet>
    <gmd:MD_CharacterSetCode codeListValue="utf8" codeList="http://www.isotc211.org/namespace/resources/codeList.xml#MD_CharacterSetCode" />
  </gmd:characterSet>
  <gmd:hierarchyLevel>
    <gmd:MD_ScopeCode codeList="http://standards.iso.org/iso/19139/resources/gmxCodelists.xml#MD_ScopeCode" codeListValue="service" />
  </gmd:hierarchyLevel>
  <gmd:hierarchyLevelName>
    <gco:CharacterString>Service</gco:CharacterString>
  </gmd:hierarchyLevelName>
  <gmd:contact>
    <gmd:CI_ResponsibleParty>
      <gmd:organisationName>
        <gco:CharacterString>Direction de l'Intégration des géodonnées (SPW - Secrétariat général - SPW Digital - Département de la Géomatique - Direction de l'Intégration des géodonnées)</gco:CharacterString>
      </gmd:organisationName>
      <gmd:contactInfo>
        <gmd:CI_Contact>
          <gmd:address>
            <gmd:CI_Address>
              <gmd:electronicMailAddress>
                <gco:CharacterString>helpdesk.carto@spw.wallonie.be</gco:CharacterString>
              </gmd:electronicMailAddress>
            </gmd:CI_Address>
          </gmd:address>
        </gmd:CI_Contact>
      </gmd:contactInfo>
      <gmd:role>
        <gmd:CI_RoleCode codeList="http://standards.iso.org/iso/19139/resources/gmxCodelists.xml#CI_RoleCode" codeListValue="pointOfContact">pointOfContact</gmd:CI_RoleCode>
      </gmd:role>
    </gmd:CI_ResponsibleParty>
  </gmd:contact>
  <gmd:dateStamp>
    <gco:DateTime>2022-03-11T08:52:03.365Z</gco:DateTime>
  </gmd:dateStamp>
  <gmd:metadataStandardName>
    <gco:CharacterString>ISO 19119</gco:CharacterString>
  </gmd:metadataStandardName>
  <gmd:metadataStandardVersion>
    <gco:CharacterString>2005/Amd.1:2008</gco:CharacterString>
  </gmd:metadataStandardVersion>
  <gmd:referenceSystemInfo>
    <gmd:MD_ReferenceSystem>
      <gmd:referenceSystemIdentifier>
        <gmd:RS_Identifier>
          <gmd:code>
            <gmx:Anchor xlink:href="http://www.opengis.net/def/crs/EPSG/0/31370">EPSG:31370</gmx:Anchor>
          </gmd:code>
        </gmd:RS_Identifier>
      </gmd:referenceSystemIdentifier>
    </gmd:MD_ReferenceSystem>
  </gmd:referenceSystemInfo>
  <gmd:referenceSystemInfo>
    <gmd:MD_ReferenceSystem>
      <gmd:referenceSystemIdentifier>
        <gmd:RS_Identifier>
          <gmd:code>
            <gmx:Anchor xlink:href="http://www.opengis.net/def/crs/EPSG/0/4326">EPSG:4326</gmx:Anchor>
          </gmd:code>
        </gmd:RS_Identifier>
      </gmd:referenceSystemIdentifier>
    </gmd:MD_ReferenceSystem>
  </gmd:referenceSystemInfo>
  <gmd:referenceSystemInfo>
    <gmd:MD_ReferenceSystem>
      <gmd:referenceSystemIdentifier>
        <gmd:RS_Identifier>
          <gmd:code>
            <gmx:Anchor xlink:href="http://www.opengis.net/def/crs/EPSG/0/4258">EPSG:4258</gmx:Anchor>
          </gmd:code>
        </gmd:RS_Identifier>
      </gmd:referenceSystemIdentifier>
    </gmd:MD_ReferenceSystem>
  </gmd:referenceSystemInfo>
  <gmd:referenceSystemInfo>
    <gmd:MD_ReferenceSystem>
      <gmd:referenceSystemIdentifier>
        <gmd:RS_Identifier>
          <gmd:code>
            <gmx:Anchor xlink:href="http://www.opengis.net/def/crs/EPSG/0/3857">EPSG:3857</gmx:Anchor>
          </gmd:code>
        </gmd:RS_Identifier>
      </gmd:referenceSystemIdentifier>
    </gmd:MD_ReferenceSystem>
  </gmd:referenceSystemInfo>
  <gmd:identificationInfo>
    <srv:SV_ServiceIdentification>
      <gmd:citation>
        <gmd:CI_Citation>
          <gmd:title>
            <gco:CharacterString>Parcellaire agricole anonyme (situation 2016) - Service de visualisation REST</gco:CharacterString>
          </gmd:title>
          <gmd:date>
            <gmd:CI_Date>
              <gmd:date>
                <gco:Date>2017-06-30</gco:Date>
              </gmd:date>
              <gmd:dateType>
                <gmd:CI_DateTypeCode codeList="http://standards.iso.org/iso/19139/resources/gmxCodelists.xml#CI_DateTypeCode" codeListValue="publication">publication</gmd:CI_DateTypeCode>
              </gmd:dateType>
            </gmd:CI_Date>
          </gmd:date>
          <gmd:identifier>
            <gmd:RS_Identifier>
              <gmd:code>
                <gco:CharacterString>02366c9c-3b4d-4c92-803b-f4d2d8b434a5</gco:CharacterString>
              </gmd:code>
              <gmd:codeSpace>
                <gco:CharacterString>http://geodata.wallonie.be/id/</gco:CharacterString>
              </gmd:codeSpace>
            </gmd:RS_Identifier>
          </gmd:identifier>
        </gmd:CI_Citation>
      </gmd:citation>
      <gmd:abstract>
        <gco:CharacterString>Ce service de visualisation REST permet de consulter la couche de données relative au Parcellaire agricole anonyme (situation 2016).

En fonction du niveau d'échelle utilisé, la symbologie de la couche de données est adaptée :

- En dessous du 1/20.000ème, l'utilisateur visualisera le parcellaire sur base de l'attribut relatif à la catégorie de culture principale (aplat de couleurs);
- Au dessus du 1/20.000ème, le contour des parcelles ainsi que l'étiquette associée à la culture principale pratiquée s'affichent.</gco:CharacterString>
      </gmd:abstract>
      <gmd:pointOfContact>
        <gmd:CI_ResponsibleParty>
          <gmd:organisationName>
            <gco:CharacterString>Helpdesk carto du SPW (SPW - Secrétariat général - SPW Digital - Département de la Géomatique - Direction de l'Intégration des géodonnées)</gco:CharacterString>
          </gmd:organisationName>
          <gmd:contactInfo>
            <gmd:CI_Contact>
              <gmd:address>
                <gmd:CI_Address>
                  <gmd:electronicMailAddress>
                    <gco:CharacterString>helpdesk.carto@spw.wallonie.be</gco:CharacterString>
                  </gmd:electronicMailAddress>
                </gmd:CI_Address>
              </gmd:address>
            </gmd:CI_Contact>
          </gmd:contactInfo>
          <gmd:role>
            <gmd:CI_RoleCode codeList="http://standards.iso.org/iso/19139/resources/gmxCodelists.xml#CI_RoleCode" codeListValue="pointOfContact">pointOfContact</gmd:CI_RoleCode>
          </gmd:role>
        </gmd:CI_ResponsibleParty>
      </gmd:pointOfContact>
      <gmd:pointOfContact>
        <gmd:CI_ResponsibleParty>
          <gmd:organisationName>
            <gco:CharacterString>Direction de l'Intégration des géodonnées (SPW - Secrétariat général - SPW Digital - Département de la Géomatique - Direction de l'Intégration des géodonnées)</gco:CharacterString>
          </gmd:organisationName>
          <gmd:contactInfo>
            <gmd:CI_Contact>
              <gmd:address>
                <gmd:CI_Address>
                  <gmd:electronicMailAddress>
                    <gco:CharacterString>helpdesk.carto@spw.wallonie.be</gco:CharacterString>
                  </gmd:electronicMailAddress>
                </gmd:CI_Address>
              </gmd:address>
            </gmd:CI_Contact>
          </gmd:contactInfo>
          <gmd:role>
            <gmd:CI_RoleCode codeList="http://standards.iso.org/iso/19139/resources/gmxCodelists.xml#CI_RoleCode" codeListValue="custodian">custodian</gmd:CI_RoleCode>
          </gmd:role>
        </gmd:CI_ResponsibleParty>
      </gmd:pointOfContact>
      <gmd:pointOfContact>
        <gmd:CI_ResponsibleParty>
          <gmd:organisationName>
            <gco:CharacterString>Service public de Wallonie (SPW)</gco:CharacterString>
          </gmd:organisationName>
          <gmd:contactInfo>
            <gmd:CI_Contact>
              <gmd:address>
                <gmd:CI_Address />
              </gmd:address>
              <gmd:onlineResource>
                <gmd:CI_OnlineResource>
                  <gmd:linkage>
                    <gmd:URL>https://geoportail.wallonie.be</gmd:URL>
                  </gmd:linkage>
                  <gmd:protocol>
                    <gco:CharacterString>WWW:LINK</gco:CharacterString>
                  </gmd:protocol>
                  <gmd:name>
                    <gco:CharacterString>Géoportail de la Wallonie</gco:CharacterString>
                  </gmd:name>
                  <gmd:description>
                    <gco:CharacterString>Géoportail de la Wallonie</gco:CharacterString>
                  </gmd:description>
                  <gmd:function>
                    <gmd:CI_OnLineFunctionCode codeList="http://standards.iso.org/iso/19115/resources/Codelists/cat/codelists.xml#CI_OnLineFunctionCode" codeListValue="information" />
                  </gmd:function>
                </gmd:CI_OnlineResource>
              </gmd:onlineResource>
            </gmd:CI_Contact>
          </gmd:contactInfo>
          <gmd:role>
            <gmd:CI_RoleCode codeList="http://standards.iso.org/iso/19139/resources/gmxCodelists.xml#CI_RoleCode" codeListValue="owner">owner</gmd:CI_RoleCode>
          </gmd:role>
        </gmd:CI_ResponsibleParty>
      </gmd:pointOfContact>
      <gmd:descriptiveKeywords>
        <gmd:MD_Keywords>
          <gmd:keyword>
            <gmx:Anchor xlink:href="https://metawal.wallonie.be/thesaurus/theme-geoportail-wallon#ThemesGeoportailWallon/10">Nature et environnement</gmx:Anchor>
          </gmd:keyword>
          <gmd:keyword>
            <gmx:Anchor xlink:href="https://metawal.wallonie.be/thesaurus/theme-geoportail-wallon#SubThemesGeoportailWallon/1030">Sol et sous-sol</gmx:Anchor>
          </gmd:keyword>
          <gmd:keyword>
            <gmx:Anchor xlink:href="https://metawal.wallonie.be/thesaurus/theme-geoportail-wallon#SubThemesGeoportailWallon/6020">Agriculture</gmx:Anchor>
          </gmd:keyword>
          <gmd:type>
            <gmd:MD_KeywordTypeCode codeList="http://standards.iso.org/iso/19115/resources/Codelists/cat/codelists.xml#MD_KeywordTypeCode" codeListValue="theme" />
          </gmd:type>
          <gmd:thesaurusName>
            <gmd:CI_Citation>
              <gmd:title>
                <gmx:Anchor xlink:href="https://metawal.wallonie.be/thesaurus/theme-geoportail-wallon">Thèmes du géoportail wallon</gmx:Anchor>
              </gmd:title>
              <gmd:date>
                <gmd:CI_Date>
                  <gmd:date>
                    <gco:Date>2014-06-26</gco:Date>
                  </gmd:date>
                  <gmd:dateType>
                    <gmd:CI_DateTypeCode codeList="http://standards.iso.org/iso/19139/resources/gmxCodelists.xml#CI_DateTypeCode" codeListValue="publication">publication</gmd:CI_DateTypeCode>
                  </gmd:dateType>
                </gmd:CI_Date>
              </gmd:date>
              <gmd:identifier>
                <gmd:MD_Identifier>
                  <gmd:code>
                    <gmx:Anchor xlink:href="https://metawal.wallonie.be/geonetwork/srv/api/registries/vocabularies/external.theme.Themes_geoportail_wallon_hierarchy">geonetwork.thesaurus.external.theme.Themes_geoportail_wallon_hierarchy</gmx:Anchor>
                  </gmd:code>
                </gmd:MD_Identifier>
              </gmd:identifier>
            </gmd:CI_Citation>
          </gmd:thesaurusName>
        </gmd:MD_Keywords>
      </gmd:descriptiveKeywords>
      <gmd:descriptiveKeywords>
        <gmd:MD_Keywords>
          <gmd:keyword>
            <gco:CharacterString>agriculture</gco:CharacterString>
          </gmd:keyword>
          <gmd:type>
            <gmd:MD_KeywordTypeCode codeList="http://standards.iso.org/iso/19115/resources/Codelists/cat/codelists.xml#MD_KeywordTypeCode" codeListValue="theme" />
          </gmd:type>
          <gmd:thesaurusName>
            <gmd:CI_Citation>
              <gmd:title>
                <gmx:Anchor xlink:href="http://geonetwork-opensource.org/gemet-theme">GEMET themes</gmx:Anchor>
              </gmd:title>
              <gmd:date>
                <gmd:CI_Date>
                  <gmd:date>
                    <gco:Date>2009-09-22</gco:Date>
                  </gmd:date>
                  <gmd:dateType>
                    <gmd:CI_DateTypeCode codeList="http://standards.iso.org/iso/19139/resources/gmxCodelists.xml#CI_DateTypeCode" codeListValue="publication">publication</gmd:CI_DateTypeCode>
                  </gmd:dateType>
                </gmd:CI_Date>
              </gmd:date>
              <gmd:identifier>
                <gmd:MD_Identifier>
                  <gmd:code>
                    <gmx:Anchor xlink:href="https://metawal.wallonie.be/geonetwork/srv/api/registries/vocabularies/external.theme.gemet-theme">geonetwork.thesaurus.external.theme.gemet-theme</gmx:Anchor>
                  </gmd:code>
                </gmd:MD_Identifier>
              </gmd:identifier>
            </gmd:CI_Citation>
          </gmd:thesaurusName>
        </gmd:MD_Keywords>
      </gmd:descriptiveKeywords>
      <gmd:descriptiveKeywords>
        <gmd:MD_Keywords>
          <gmd:keyword>
            <gco:CharacterString>politique agricole</gco:CharacterString>
          </gmd:keyword>
          <gmd:keyword>
            <gco:CharacterString>politique agricole commune</gco:CharacterString>
          </gmd:keyword>
          <gmd:keyword>
            <gco:CharacterString>exploitation agricole</gco:CharacterString>
          </gmd:keyword>
          <gmd:keyword>
            <gco:CharacterString>terre agricole</gco:CharacterString>
          </gmd:keyword>
          <gmd:keyword>
            <gco:CharacterString>produit agricole</gco:CharacterString>
          </gmd:keyword>
          <gmd:keyword>
            <gco:CharacterString>exploitation de la terre agricole</gco:CharacterString>
          </gmd:keyword>
          <gmd:keyword>
            <gco:CharacterString>affectation des sols</gco:CharacterString>
          </gmd:keyword>
          <gmd:keyword>
            <gco:CharacterString>occupation du sol</gco:CharacterString>
          </gmd:keyword>
          <gmd:keyword>
            <gco:CharacterString>champ</gco:CharacterString>
          </gmd:keyword>
          <gmd:keyword>
            <gco:CharacterString>culture de champ</gco:CharacterString>
          </gmd:keyword>
          <gmd:keyword>
            <gco:CharacterString>culture</gco:CharacterString>
          </gmd:keyword>
          <gmd:type>
            <gmd:MD_KeywordTypeCode codeList="http://standards.iso.org/iso/19115/resources/Codelists/cat/codelists.xml#MD_KeywordTypeCode" codeListValue="theme" />
          </gmd:type>
          <gmd:thesaurusName>
            <gmd:CI_Citation>
              <gmd:title>
                <gmx:Anchor xlink:href="http://geonetwork-opensource.org/gemet">GEMET</gmx:Anchor>
              </gmd:title>
              <gmd:date>
                <gmd:CI_Date>
                  <gmd:date>
                    <gco:Date>2009-09-22</gco:Date>
                  </gmd:date>
                  <gmd:dateType>
                    <gmd:CI_DateTypeCode codeList="http://standards.iso.org/iso/19139/resources/gmxCodelists.xml#CI_DateTypeCode" codeListValue="publication">publication</gmd:CI_DateTypeCode>
                  </gmd:dateType>
                </gmd:CI_Date>
              </gmd:date>
              <gmd:identifier>
                <gmd:MD_Identifier>
                  <gmd:code>
                    <gmx:Anchor xlink:href="https://metawal.wallonie.be/geonetwork/srv/api/registries/vocabularies/external.theme.gemet">geonetwork.thesaurus.external.theme.gemet</gmx:Anchor>
                  </gmd:code>
                </gmd:MD_Identifier>
              </gmd:identifier>
            </gmd:CI_Citation>
          </gmd:thesaurusName>
        </gmd:MD_Keywords>
      </gmd:descriptiveKeywords>
      <gmd:descriptiveKeywords>
        <gmd:MD_Keywords>
          <gmd:keyword>
            <gco:CharacterString>agriculture</gco:CharacterString>
          </gmd:keyword>
          <gmd:keyword>
            <gco:CharacterString>LPIS</gco:CharacterString>
          </gmd:keyword>
          <gmd:keyword>
            <gco:CharacterString>Land Parcel Identification System</gco:CharacterString>
          </gmd:keyword>
          <gmd:keyword>
            <gco:CharacterString>SIPA</gco:CharacterString>
          </gmd:keyword>
          <gmd:keyword>
            <gco:CharacterString>Système d’identification du parcellaire agricole</gco:CharacterString>
          </gmd:keyword>
          <gmd:keyword>
            <gco:CharacterString>OPW</gco:CharacterString>
          </gmd:keyword>
          <gmd:keyword>
            <gco:CharacterString>parcellaire</gco:CharacterString>
          </gmd:keyword>
          <gmd:keyword>
            <gco:CharacterString>anonyme</gco:CharacterString>
          </gmd:keyword>
          <gmd:keyword>
            <gco:CharacterString>PAC</gco:CharacterString>
          </gmd:keyword>
          <gmd:keyword>
            <gco:CharacterString>interculture</gco:CharacterString>
          </gmd:keyword>
          <gmd:keyword>
            <gco:CharacterString>SIGEC</gco:CharacterString>
          </gmd:keyword>
          <gmd:keyword>
            <gco:CharacterString>REST</gco:CharacterString>
          </gmd:keyword>
          <gmd:type>
            <gmd:MD_KeywordTypeCode codeList="http://standards.iso.org/iso/19115/resources/Codelists/cat/codelists.xml#MD_KeywordTypeCode" codeListValue="theme" />
          </gmd:type>
        </gmd:MD_Keywords>
      </gmd:descriptiveKeywords>
      <gmd:resourceConstraints>
        <gmd:MD_LegalConstraints>
          <gmd:accessConstraints>
            <gmd:MD_RestrictionCode codeList="http://standards.iso.org/iso/19115/resources/Codelists/cat/codelists.xml#MD_RestrictionCode" codeListValue="license" />
          </gmd:accessConstraints>
          <gmd:useConstraints>
            <gmd:MD_RestrictionCode codeList="http://standards.iso.org/iso/19115/resources/Codelists/cat/codelists.xml#MD_RestrictionCode" codeListValue="license" />
          </gmd:useConstraints>
          <gmd:otherConstraints>
            <gco:CharacterString>Les Conditions d’accès et d’utilisation des services web géographiques de visualisation du Service public de Wallonie sont d'applications. Elles sont consultables à l'adresse https://geoportail.wallonie.be/files/documents/ConditionsSPW/LicServicesSPW.pdf</gco:CharacterString>
          </gmd:otherConstraints>
        </gmd:MD_LegalConstraints>
      </gmd:resourceConstraints>
      <srv:serviceType>
        <gco:LocalName codeSpace="http://inspire.ec.europa.eu/metadata-codelist/SpatialDataServiceType">view</gco:LocalName>
      </srv:serviceType>
      <srv:extent>
        <gmd:EX_Extent>
          <gmd:description>
            <gco:CharacterString>Région wallonne</gco:CharacterString>
          </gmd:description>
          <gmd:geographicElement>
            <gmd:EX_GeographicBoundingBox>
              <gmd:westBoundLongitude>
                <gco:Decimal>2.75</gco:Decimal>
              </gmd:westBoundLongitude>
              <gmd:eastBoundLongitude>
                <gco:Decimal>6.50</gco:Decimal>
              </gmd:eastBoundLongitude>
              <gmd:southBoundLatitude>
                <gco:Decimal>49.45</gco:Decimal>
              </gmd:southBoundLatitude>
              <gmd:northBoundLatitude>
                <gco:Decimal>50.85</gco:Decimal>
              </gmd:northBoundLatitude>
            </gmd:EX_GeographicBoundingBox>
          </gmd:geographicElement>
        </gmd:EX_Extent>
      </srv:extent>
      <srv:couplingType>
        <srv:SV_CouplingType codeList="http://standards.iso.org/iso/19139/resources/gmxCodelists.xml#SV_CouplingType" codeListValue="tight">tight</srv:SV_CouplingType>
      </srv:couplingType>
      <srv:containsOperations />
      <srv:operatesOn uuidref="c459cc30-7a1e-4e86-8282-312942c372e0" xlink:href="https://metawal.wallonie.be/geonetwork/srv/api/records/c459cc30-7a1e-4e86-8282-312942c372e0" />
    </srv:SV_ServiceIdentification>
  </gmd:identificationInfo>
  <gmd:distributionInfo>
    <gmd:MD_Distribution>
      <gmd:distributor>
        <gmd:MD_Distributor>
          <gmd:distributorContact>
            <gmd:CI_ResponsibleParty>
              <gmd:organisationName>
                <gco:CharacterString>Service public de Wallonie (SPW)</gco:CharacterString>
              </gmd:organisationName>
              <gmd:contactInfo>
                <gmd:CI_Contact>
                  <gmd:address>
                    <gmd:CI_Address>
                      <gmd:electronicMailAddress>
                        <gco:CharacterString>helpdesk.carto@spw.wallonie.be</gco:CharacterString>
                      </gmd:electronicMailAddress>
                    </gmd:CI_Address>
                  </gmd:address>
                </gmd:CI_Contact>
              </gmd:contactInfo>
              <gmd:role>
                <gmd:CI_RoleCode codeList="http://standards.iso.org/iso/19139/resources/gmxCodelists.xml#CI_RoleCode" codeListValue="distributor">distributor</gmd:CI_RoleCode>
              </gmd:role>
            </gmd:CI_ResponsibleParty>
          </gmd:distributorContact>
        </gmd:MD_Distributor>
      </gmd:distributor>
      <gmd:transferOptions>
        <gmd:MD_DigitalTransferOptions>
          <gmd:onLine>
            <gmd:CI_OnlineResource>
              <gmd:linkage>
                <gmd:URL>https://directory.spatineo.com/service/52957</gmd:URL>
              </gmd:linkage>
              <gmd:protocol>
                <gco:CharacterString>WWW:LINK-1.0-http--link</gco:CharacterString>
              </gmd:protocol>
              <gmd:name>
                <gco:CharacterString>Rapport de disponibilité du service ESRI-REST</gco:CharacterString>
              </gmd:name>
              <gmd:function>
                <gmd:CI_OnLineFunctionCode codeList="http://standards.iso.org/iso/19139/resources/gmxCodelists.xml#CI_OnLineFunctionCode" codeListValue="information.qualityReport" />
              </gmd:function>
            </gmd:CI_OnlineResource>
          </gmd:onLine>
          <gmd:onLine>
            <gmd:CI_OnlineResource>
              <gmd:linkage>
                <gmd:URL>https://geoservices.wallonie.be/arcgis/rest/services/AGRICULTURE/SIGEC_PARC_AGRI_ANON__2016/MapServer</gmd:URL>
              </gmd:linkage>
              <gmd:protocol>
                <gco:CharacterString>ESRI:REST</gco:CharacterString>
              </gmd:protocol>
              <gmd:name>
                <gco:CharacterString>Service de visualisation ESRI-REST</gco:CharacterString>
              </gmd:name>
              <gmd:description>
                <gco:CharacterString>Adresse de connexion au service de visualisation ESRI-REST de la couche de données "Parcellaire agricole anonyme (situation 2016)".</gco:CharacterString>
              </gmd:description>
              <gmd:function>
                <gmd:CI_OnLineFunctionCode codeList="http://standards.iso.org/iso/19115/resources/Codelists/cat/codelists.xml#CI_OnLineFunctionCode" codeListValue="browsing" />
              </gmd:function>
            </gmd:CI_OnlineResource>
          </gmd:onLine>
        </gmd:MD_DigitalTransferOptions>
      </gmd:transferOptions>
    </gmd:MD_Distribution>
  </gmd:distributionInfo>
  <gmd:dataQualityInfo>
    <gmd:DQ_DataQuality>
      <gmd:scope>
        <gmd:DQ_Scope>
          <gmd:level>
            <gmd:MD_ScopeCode codeList="http://standards.iso.org/iso/19115/resources/Codelists/cat/codelists.xml#MD_ScopeCode" codeListValue="service" />
          </gmd:level>
        </gmd:DQ_Scope>
      </gmd:scope>
    </gmd:DQ_DataQuality>
  </gmd:dataQualityInfo>
</gmd:MD_Metadata>