<?xml version="1.0" encoding="UTF-8"?>
<info version="1.1">
  <general>
    <createDate>2025-09-09T17:30:11.172809Z</createDate>
    <changeDate>2025-09-09T18:07:13.735105Z</changeDate>
    <schema>iso19139</schema>
    <isTemplate>n</isTemplate>
    <localId>754</localId>
    <format>full</format>
    <rating>0</rating>
    <popularity>6</popularity>
    <uuid>4e2e361b-02cf-499f-b16e-7eff87925e40</uuid>
    <siteId>3bef299d-cf82-4033-871b-875f6936b2e2</siteId>
    <siteName>Test GeoNetwork-UI instance</siteName>
  </general>
  <categories />
  <privileges>
    <group name="all">
      <operation name="view" />
      <operation name="download" />
      <operation name="dynamic" />
    </group>
    <group name="sample" groupOwner="true">
      <operation name="view" />
      <operation name="notify" />
      <operation name="download" />
      <operation name="dynamic" />
    </group>
  </privileges>
  <public />
  <private />
</info>

