<?xml version="1.0" encoding="UTF-8"?>
<gmd:MD_Metadata xmlns:gmd="http://www.isotc211.org/2005/gmd" xmlns:gco="http://www.isotc211.org/2005/gco" xmlns:srv="http://www.isotc211.org/2005/srv" xmlns:gmx="http://www.isotc211.org/2005/gmx" xmlns:gts="http://www.isotc211.org/2005/gts" xmlns:gsr="http://www.isotc211.org/2005/gsr" xmlns:gmi="http://www.isotc211.org/2005/gmi" xmlns:gml="http://www.opengis.net/gml/3.2" xmlns:xlink="http://www.w3.org/1999/xlink" xmlns:geonet="http://www.fao.org/geonetwork" xmlns:xsi="http://www.w3.org/2001/XMLSchema-instance" xsi:schemaLocation="http://www.isotc211.org/2005/gmd http://schemas.opengis.net/csw/2.0.2/profiles/apiso/1.0.0/apiso.xsd">
  <gmd:fileIdentifier>
    <gco:CharacterString>01491630-78ce-49f3-b479-4b30dabc4c69</gco:CharacterString>
  </gmd:fileIdentifier>
  <gmd:language>
    <gmd:LanguageCode codeList="http://www.loc.gov/standards/iso639-2/" codeListValue="fre" />
  </gmd:language>
  <gmd:characterSet>
    <gmd:MD_CharacterSetCode codeListValue="utf8" codeList="http://www.isotc211.org/namespace/resources/codeList.xml#MD_CharacterSetCode" />
  </gmd:characterSet>
  <gmd:hierarchyLevel>
    <gmd:MD_ScopeCode codeList="http://standards.iso.org/iso/19139/resources/gmxCodelists.xml#MD_ScopeCode" codeListValue="series" />
  </gmd:hierarchyLevel>
  <gmd:hierarchyLevelName>
    <gco:CharacterString>Série de couches de données thématiques</gco:CharacterString>
  </gmd:hierarchyLevelName>
  <gmd:contact>
    <gmd:CI_ResponsibleParty>
      <gmd:organisationName>
        <gco:CharacterString>Agence wallonne du Patrimoine (SPW - Territoire, Logement, Patrimoine, Énergie - Agence wallonne du Patrimoine)</gco:CharacterString>
      </gmd:organisationName>
      <gmd:contactInfo>
        <gmd:CI_Contact>
          <gmd:address>
            <gmd:CI_Address>
              <gmd:electronicMailAddress>
                <gco:CharacterString>coordination@awap.be</gco:CharacterString>
              </gmd:electronicMailAddress>
            </gmd:CI_Address>
          </gmd:address>
        </gmd:CI_Contact>
      </gmd:contactInfo>
      <gmd:role>
        <gmd:CI_RoleCode codeList="http://standards.iso.org/iso/19139/resources/gmxCodelists.xml#CI_RoleCode" codeListValue="pointOfContact">pointOfContact</gmd:CI_RoleCode>
      </gmd:role>
    </gmd:CI_ResponsibleParty>
  </gmd:contact>
  <gmd:dateStamp>
    <gco:DateTime>2023-05-17T19:01:01</gco:DateTime>
  </gmd:dateStamp>
  <gmd:metadataStandardName>
    <gco:CharacterString>ISO 19115</gco:CharacterString>
  </gmd:metadataStandardName>
  <gmd:metadataStandardVersion>
    <gco:CharacterString>2003/Cor 1:2006</gco:CharacterString>
  </gmd:metadataStandardVersion>
  <gmd:referenceSystemInfo>
    <gmd:MD_ReferenceSystem>
      <gmd:referenceSystemIdentifier>
        <gmd:RS_Identifier>
          <gmd:code>
            <gmx:Anchor xlink:href="http://www.opengis.net/def/crs/EPSG/0/31370">EPSG:31370</gmx:Anchor>
          </gmd:code>
        </gmd:RS_Identifier>
      </gmd:referenceSystemIdentifier>
    </gmd:MD_ReferenceSystem>
  </gmd:referenceSystemInfo>
  <gmd:identificationInfo>
    <gmd:MD_DataIdentification>
      <gmd:citation>
        <gmd:CI_Citation>
          <gmd:title>
            <gco:CharacterString>Patrimoine - Biens classés et zones de protection - Série</gco:CharacterString>
          </gmd:title>
          <gmd:alternateTitle>
            <gco:CharacterString>BC_PAT</gco:CharacterString>
          </gmd:alternateTitle>
          <gmd:date>
            <gmd:CI_Date>
              <gmd:date>
                <gco:Date>2023-05-17</gco:Date>
              </gmd:date>
              <gmd:dateType>
                <gmd:CI_DateTypeCode codeList="http://standards.iso.org/iso/19139/resources/gmxCodelists.xml#CI_DateTypeCode" codeListValue="revision">revision</gmd:CI_DateTypeCode>
              </gmd:dateType>
            </gmd:CI_Date>
          </gmd:date>
          <gmd:date>
            <gmd:CI_Date>
              <gmd:date>
                <gco:Date>2023-02-14</gco:Date>
              </gmd:date>
              <gmd:dateType>
                <gmd:CI_DateTypeCode codeList="http://standards.iso.org/iso/19139/resources/gmxCodelists.xml#CI_DateTypeCode" codeListValue="publication">publication</gmd:CI_DateTypeCode>
              </gmd:dateType>
            </gmd:CI_Date>
          </gmd:date>
          <gmd:identifier>
            <gmd:RS_Identifier>
              <gmd:code>
                <gco:CharacterString>01491630-78ce-49f3-b479-4b30dabc4c69</gco:CharacterString>
              </gmd:code>
              <gmd:codeSpace>
                <gco:CharacterString>http://geodata.wallonie.be/id/</gco:CharacterString>
              </gmd:codeSpace>
            </gmd:RS_Identifier>
          </gmd:identifier>
          <gmd:identifier>
            <gmd:RS_Identifier>
              <gmd:code>
                <gco:CharacterString>DATLPE__BC_PAT</gco:CharacterString>
              </gmd:code>
              <gmd:codeSpace>
                <gco:CharacterString>BE.SPW.INFRASIG.CARTON</gco:CharacterString>
              </gmd:codeSpace>
            </gmd:RS_Identifier>
          </gmd:identifier>
        </gmd:CI_Citation>
      </gmd:citation>
      <gmd:abstract>
        <gco:CharacterString>Cette série de couches de données reprend la localisation des différents biens classés en Région wallonne.

Le classement constitue une mesure de protection légale d’un bien immobilier dont la valeur patrimoniale supérieure est ainsi reconnue et dont la conservation est jugée d’intérêt régional. Cette exigence de conservation inclut l’entretien du bien et, si nécessaire, sa restauration au moyen de procédés et techniques spécifiques déterminés en fonction de ses qualités propres. Le classement est consacré par un arrêté du gouvernement wallon.

Le classement porte uniquement sur des biens immobiliers situés sur le territoire de la Région wallonne (sauf dans les communes germanophones où ces matières sont gérées par la communauté germanophone) et qui présentent un intérêt architectural, historique, archéologique, scientifique, artistique, social, technique, mémoriel, esthétique, urbanistique ou paysager, dont le degré supérieur est analysé sur base des critères d’authenticité, d’intégrité, de représentativité typologique ou de rareté.

Une distinction est apportée au niveau du classement en fonction de la nature du bien concerné : on le classera comme monument, site, ensemble architectural ou site archéologique (CoPat - art.3, 7°). Ces biens constituent autant de couches géographiques identifiés dans la présente collection. Les monuments constituent des entités ponctuelles et les autres biens des entités zonales.

Le CoPat considère :
- à titre de monument : toute réalisation architecturale, sculpturale ou végétale isolée et remarquable, en ce compris les éléments immobilisés par incorporation ou destination et les biens culturels qui en font partie intégrante, notamment l’équipement complémentaire et les éléments décoratifs. Pour les monuments, des subsides peuvent être octroyés pour les travaux ou études visant à protéger, restaurer ou mettre en valeur le bien;
- à titre d’ensemble architectural : tout groupement de constructions, en ce compris les éléments qui les relient, remarquable par sa cohérence ou par son intégration dans le paysage;
- à titre de site : toute œuvre de la nature ou toute œuvre combinée de l’homme et de la nature constituant un espace remarquable au regard d’un ou plusieurs critères visés à l’article 1er du CoPat, suffisamment caractéristique et cohérent pour faire l’objet d’une délimitation topographique;
- à titre de site archéologique : tout terrain, formation géologique ou pédologique, bâtiment, ensemble de bâtiment ou site ayant recelé, recelant ou étant présumé receler des biens archéologiques.

Afin de garantir la qualité de l’environnement du bien classé, une zone de protection est établie dans certains cas.

La procédure de classement d'un bien patrimonial étant relativement longue, une procédure spécifique est prévue lorsqu’un bien nécessite une protection en urgence : l’inscription sur la liste de sauvegarde. Pour plus de renseignements, consultez la fiche de métadonnées relative à la Liste de sauvegarde (PAT_LSTSAV).

Parmi les nombreux biens protégés de Wallonie, un certain nombre présente un intérêt majeur. Ils sont repris dans la liste du patrimoine exceptionnel de la Région wallonne. Ces biens alimentent également la liste du patrimoine mondial (UNESCO). Pour plus de renseignements, consultez les fiches de métadonnées relatives aux Biens exceptionnels (PAT_EXC) et aux Biens mondiaux (PAT_MND).

Chaque bien classé est identifié de manière unique, ce qui permet la liaison entre les éléments cartographiés et la base de données documentaire reprenant des informations administratives ainsi que les documents scannés relevés dans les dossiers liés.</gco:CharacterString>
      </gmd:abstract>
      <gmd:status>
        <gmd:MD_ProgressCode codeList="http://standards.iso.org/iso/19139/resources/gmxCodelists.xml#MD_ProgressCode" codeListValue="onGoing">onGoing</gmd:MD_ProgressCode>
      </gmd:status>
      <gmd:pointOfContact>
        <gmd:CI_ResponsibleParty>
          <gmd:organisationName>
            <gco:CharacterString>Helpdesk carto du SPW (SPW - Secrétariat général - SPW Digital - Département de la Géomatique - Direction de l'Intégration des géodonnées)</gco:CharacterString>
          </gmd:organisationName>
          <gmd:contactInfo>
            <gmd:CI_Contact>
              <gmd:address>
                <gmd:CI_Address>
                  <gmd:electronicMailAddress>
                    <gco:CharacterString>helpdesk.carto@spw.wallonie.be</gco:CharacterString>
                  </gmd:electronicMailAddress>
                </gmd:CI_Address>
              </gmd:address>
            </gmd:CI_Contact>
          </gmd:contactInfo>
          <gmd:role>
            <gmd:CI_RoleCode codeList="http://standards.iso.org/iso/19139/resources/gmxCodelists.xml#CI_RoleCode" codeListValue="pointOfContact">pointOfContact</gmd:CI_RoleCode>
          </gmd:role>
        </gmd:CI_ResponsibleParty>
      </gmd:pointOfContact>
      <gmd:pointOfContact>
        <gmd:CI_ResponsibleParty>
          <gmd:organisationName>
            <gco:CharacterString>Agence wallonne du Patrimoine (SPW - Territoire, Logement, Patrimoine, Énergie - Agence wallonne du Patrimoine)</gco:CharacterString>
          </gmd:organisationName>
          <gmd:contactInfo>
            <gmd:CI_Contact>
              <gmd:address>
                <gmd:CI_Address>
                  <gmd:electronicMailAddress>
                    <gco:CharacterString>coordination@awap.be</gco:CharacterString>
                  </gmd:electronicMailAddress>
                </gmd:CI_Address>
              </gmd:address>
            </gmd:CI_Contact>
          </gmd:contactInfo>
          <gmd:role>
            <gmd:CI_RoleCode codeList="http://standards.iso.org/iso/19139/resources/gmxCodelists.xml#CI_RoleCode" codeListValue="custodian">custodian</gmd:CI_RoleCode>
          </gmd:role>
        </gmd:CI_ResponsibleParty>
      </gmd:pointOfContact>
      <gmd:pointOfContact>
        <gmd:CI_ResponsibleParty>
          <gmd:organisationName>
            <gco:CharacterString>Service public de Wallonie (SPW)</gco:CharacterString>
          </gmd:organisationName>
          <gmd:contactInfo>
            <gmd:CI_Contact>
              <gmd:address>
                <gmd:CI_Address />
              </gmd:address>
              <gmd:onlineResource>
                <gmd:CI_OnlineResource>
                  <gmd:linkage>
                    <gmd:URL>https://geoportail.wallonie.be</gmd:URL>
                  </gmd:linkage>
                  <gmd:protocol>
                    <gco:CharacterString>WWW:LINK</gco:CharacterString>
                  </gmd:protocol>
                  <gmd:name>
                    <gco:CharacterString>Géoportail de la Wallonie</gco:CharacterString>
                  </gmd:name>
                  <gmd:description>
                    <gco:CharacterString>Géoportail de la Wallonie</gco:CharacterString>
                  </gmd:description>
                  <gmd:function>
                    <gmd:CI_OnLineFunctionCode codeList="http://standards.iso.org/iso/19115/resources/Codelists/cat/codelists.xml#CI_OnLineFunctionCode" codeListValue="information" />
                  </gmd:function>
                </gmd:CI_OnlineResource>
              </gmd:onlineResource>
            </gmd:CI_Contact>
          </gmd:contactInfo>
          <gmd:role>
            <gmd:CI_RoleCode codeList="http://standards.iso.org/iso/19139/resources/gmxCodelists.xml#CI_RoleCode" codeListValue="owner">owner</gmd:CI_RoleCode>
          </gmd:role>
        </gmd:CI_ResponsibleParty>
      </gmd:pointOfContact>
      <gmd:resourceMaintenance>
        <gmd:MD_MaintenanceInformation>
          <gmd:maintenanceAndUpdateFrequency>
            <gmd:MD_MaintenanceFrequencyCode codeList="http://standards.iso.org/iso/19115/resources/Codelists/cat/codelists.xml#MD_MaintenanceFrequencyCode" codeListValue="asNeeded" />
          </gmd:maintenanceAndUpdateFrequency>
          <gmd:maintenanceNote gco:nilReason="missing">
            <gco:CharacterString />
          </gmd:maintenanceNote>
        </gmd:MD_MaintenanceInformation>
      </gmd:resourceMaintenance>
      <gmd:graphicOverview>
        <gmd:MD_BrowseGraphic>
          <gmd:fileName>
            <gco:CharacterString>https://metawal.wallonie.be/geonetwork/srv/api/records/01491630-78ce-49f3-b479-4b30dabc4c69/attachments/bc_pat.png</gco:CharacterString>
          </gmd:fileName>
          <gmd:fileDescription>
            <gco:CharacterString>bc_pat_pic</gco:CharacterString>
          </gmd:fileDescription>
          <gmd:fileType>
            <gco:CharacterString>png</gco:CharacterString>
          </gmd:fileType>
        </gmd:MD_BrowseGraphic>
      </gmd:graphicOverview>
      <gmd:descriptiveKeywords>
        <gmd:MD_Keywords>
          <gmd:keyword>
            <gmx:Anchor xlink:href="https://metawal.wallonie.be/thesaurus/theme-geoportail-wallon#SubThemesGeoportailWallon/2010">Plans et règlements</gmx:Anchor>
          </gmd:keyword>
          <gmd:keyword>
            <gmx:Anchor xlink:href="https://metawal.wallonie.be/thesaurus/theme-geoportail-wallon#SubThemesGeoportailWallon/4010">Tourisme</gmx:Anchor>
          </gmd:keyword>
          <gmd:keyword>
            <gmx:Anchor xlink:href="https://metawal.wallonie.be/thesaurus/theme-geoportail-wallon#ThemesGeoportailWallon/20">Aménagement du territoire</gmx:Anchor>
          </gmd:keyword>
          <gmd:type>
            <gmd:MD_KeywordTypeCode codeList="http://standards.iso.org/iso/19115/resources/Codelists/cat/codelists.xml#MD_KeywordTypeCode" codeListValue="theme" />
          </gmd:type>
          <gmd:thesaurusName>
            <gmd:CI_Citation>
              <gmd:title>
                <gmx:Anchor xlink:href="https://metawal.wallonie.be/thesaurus/theme-geoportail-wallon">Thèmes du géoportail wallon</gmx:Anchor>
              </gmd:title>
              <gmd:date>
                <gmd:CI_Date>
                  <gmd:date>
                    <gco:Date>2014-06-26</gco:Date>
                  </gmd:date>
                  <gmd:dateType>
                    <gmd:CI_DateTypeCode codeList="http://standards.iso.org/iso/19139/resources/gmxCodelists.xml#CI_DateTypeCode" codeListValue="publication">publication</gmd:CI_DateTypeCode>
                  </gmd:dateType>
                </gmd:CI_Date>
              </gmd:date>
              <gmd:identifier>
                <gmd:MD_Identifier>
                  <gmd:code>
                    <gmx:Anchor xlink:href="https://metawal.wallonie.be/geonetwork/srv/api/registries/vocabularies/external.theme.Themes_geoportail_wallon_hierarchy">geonetwork.thesaurus.external.theme.Themes_geoportail_wallon_hierarchy</gmx:Anchor>
                  </gmd:code>
                </gmd:MD_Identifier>
              </gmd:identifier>
            </gmd:CI_Citation>
          </gmd:thesaurusName>
        </gmd:MD_Keywords>
      </gmd:descriptiveKeywords>
      <gmd:descriptiveKeywords>
        <gmd:MD_Keywords>
          <gmd:keyword>
            <gco:CharacterString>tourisme</gco:CharacterString>
          </gmd:keyword>
          <gmd:keyword>
            <gco:CharacterString>bâtiment</gco:CharacterString>
          </gmd:keyword>
          <gmd:type>
            <gmd:MD_KeywordTypeCode codeList="http://standards.iso.org/iso/19115/resources/Codelists/cat/codelists.xml#MD_KeywordTypeCode" codeListValue="theme" />
          </gmd:type>
          <gmd:thesaurusName>
            <gmd:CI_Citation>
              <gmd:title>
                <gmx:Anchor xlink:href="http://geonetwork-opensource.org/gemet-theme">GEMET themes</gmx:Anchor>
              </gmd:title>
              <gmd:date>
                <gmd:CI_Date>
                  <gmd:date>
                    <gco:Date>2009-09-22</gco:Date>
                  </gmd:date>
                  <gmd:dateType>
                    <gmd:CI_DateTypeCode codeList="http://standards.iso.org/iso/19139/resources/gmxCodelists.xml#CI_DateTypeCode" codeListValue="publication">publication</gmd:CI_DateTypeCode>
                  </gmd:dateType>
                </gmd:CI_Date>
              </gmd:date>
              <gmd:identifier>
                <gmd:MD_Identifier>
                  <gmd:code>
                    <gmx:Anchor xlink:href="https://metawal.wallonie.be/geonetwork/srv/api/registries/vocabularies/external.theme.gemet-theme">geonetwork.thesaurus.external.theme.gemet-theme</gmx:Anchor>
                  </gmd:code>
                </gmd:MD_Identifier>
              </gmd:identifier>
            </gmd:CI_Citation>
          </gmd:thesaurusName>
        </gmd:MD_Keywords>
      </gmd:descriptiveKeywords>
      <gmd:descriptiveKeywords>
        <gmd:MD_Keywords>
          <gmd:keyword>
            <gco:CharacterString>conservation des monuments</gco:CharacterString>
          </gmd:keyword>
          <gmd:keyword>
            <gco:CharacterString>protection des sites</gco:CharacterString>
          </gmd:keyword>
          <gmd:keyword>
            <gco:CharacterString>biens</gco:CharacterString>
          </gmd:keyword>
          <gmd:keyword>
            <gco:CharacterString>bien culturel</gco:CharacterString>
          </gmd:keyword>
          <gmd:keyword>
            <gco:CharacterString>monument</gco:CharacterString>
          </gmd:keyword>
          <gmd:keyword>
            <gco:CharacterString>monument historique</gco:CharacterString>
          </gmd:keyword>
          <gmd:keyword>
            <gco:CharacterString>site historique</gco:CharacterString>
          </gmd:keyword>
          <gmd:keyword>
            <gco:CharacterString>site classé</gco:CharacterString>
          </gmd:keyword>
          <gmd:keyword>
            <gco:CharacterString>site archéologique</gco:CharacterString>
          </gmd:keyword>
          <gmd:keyword>
            <gco:CharacterString>patrimoine culturel</gco:CharacterString>
          </gmd:keyword>
          <gmd:keyword>
            <gco:CharacterString>patrimoine naturel</gco:CharacterString>
          </gmd:keyword>
          <gmd:keyword>
            <gco:CharacterString>zone de protection du paysage</gco:CharacterString>
          </gmd:keyword>
          <gmd:keyword>
            <gco:CharacterString>architecture</gco:CharacterString>
          </gmd:keyword>
          <gmd:type>
            <gmd:MD_KeywordTypeCode codeList="http://standards.iso.org/iso/19115/resources/Codelists/cat/codelists.xml#MD_KeywordTypeCode" codeListValue="theme" />
          </gmd:type>
          <gmd:thesaurusName>
            <gmd:CI_Citation>
              <gmd:title>
                <gmx:Anchor xlink:href="http://geonetwork-opensource.org/gemet">GEMET</gmx:Anchor>
              </gmd:title>
              <gmd:date>
                <gmd:CI_Date>
                  <gmd:date>
                    <gco:Date>2009-09-22</gco:Date>
                  </gmd:date>
                  <gmd:dateType>
                    <gmd:CI_DateTypeCode codeList="http://standards.iso.org/iso/19139/resources/gmxCodelists.xml#CI_DateTypeCode" codeListValue="publication">publication</gmd:CI_DateTypeCode>
                  </gmd:dateType>
                </gmd:CI_Date>
              </gmd:date>
              <gmd:identifier>
                <gmd:MD_Identifier>
                  <gmd:code>
                    <gmx:Anchor xlink:href="https://metawal.wallonie.be/geonetwork/srv/api/registries/vocabularies/external.theme.gemet">geonetwork.thesaurus.external.theme.gemet</gmx:Anchor>
                  </gmd:code>
                </gmd:MD_Identifier>
              </gmd:identifier>
            </gmd:CI_Citation>
          </gmd:thesaurusName>
        </gmd:MD_Keywords>
      </gmd:descriptiveKeywords>
      <gmd:descriptiveKeywords>
        <gmd:MD_Keywords>
          <gmd:keyword>
            <gco:CharacterString>DGO3_BDREFNO</gco:CharacterString>
          </gmd:keyword>
          <gmd:keyword>
            <gco:CharacterString>BDInfraSIGNO</gco:CharacterString>
          </gmd:keyword>
          <gmd:keyword>
            <gco:CharacterString>Extraction_DIG</gco:CharacterString>
          </gmd:keyword>
          <gmd:keyword>
            <gco:CharacterString>PanierTelechargementGeoportail</gco:CharacterString>
          </gmd:keyword>
          <gmd:keyword>
            <gco:CharacterString>Reporting INSPIRENO</gco:CharacterString>
          </gmd:keyword>
          <gmd:keyword>
            <gco:CharacterString>WalOnMap</gco:CharacterString>
          </gmd:keyword>
          <gmd:keyword>
            <gco:CharacterString>Open Data</gco:CharacterString>
          </gmd:keyword>
          <gmd:type>
            <gmd:MD_KeywordTypeCode codeList="http://standards.iso.org/iso/19115/resources/Codelists/cat/codelists.xml#MD_KeywordTypeCode" codeListValue="theme" />
          </gmd:type>
          <gmd:thesaurusName>
            <gmd:CI_Citation>
              <gmd:title>
                <gmx:Anchor xlink:href="https://metawal.wallonie.be/thesaurus/infrasig">Mots-clés InfraSIG</gmx:Anchor>
              </gmd:title>
              <gmd:date>
                <gmd:CI_Date>
                  <gmd:date>
                    <gco:Date>2022-10-03</gco:Date>
                  </gmd:date>
                  <gmd:dateType>
                    <gmd:CI_DateTypeCode codeList="http://standards.iso.org/iso/19139/resources/gmxCodelists.xml#CI_DateTypeCode" codeListValue="publication">publication</gmd:CI_DateTypeCode>
                  </gmd:dateType>
                </gmd:CI_Date>
              </gmd:date>
              <gmd:identifier>
                <gmd:MD_Identifier>
                  <gmd:code>
                    <gmx:Anchor xlink:href="https://metawal.wallonie.be/geonetwork/srv/api/registries/vocabularies/external.theme.infraSIG">geonetwork.thesaurus.external.theme.infraSIG</gmx:Anchor>
                  </gmd:code>
                </gmd:MD_Identifier>
              </gmd:identifier>
            </gmd:CI_Citation>
          </gmd:thesaurusName>
        </gmd:MD_Keywords>
      </gmd:descriptiveKeywords>
      <gmd:descriptiveKeywords>
        <gmd:MD_Keywords>
          <gmd:keyword>
            <gco:CharacterString>CRMSF</gco:CharacterString>
          </gmd:keyword>
          <gmd:keyword>
            <gco:CharacterString>bien classé</gco:CharacterString>
          </gmd:keyword>
          <gmd:keyword>
            <gco:CharacterString>protection</gco:CharacterString>
          </gmd:keyword>
          <gmd:keyword>
            <gco:CharacterString>classement</gco:CharacterString>
          </gmd:keyword>
          <gmd:keyword>
            <gco:CharacterString>sauvegarde du patrimoine</gco:CharacterString>
          </gmd:keyword>
          <gmd:keyword>
            <gco:CharacterString>conservation</gco:CharacterString>
          </gmd:keyword>
          <gmd:keyword>
            <gco:CharacterString>fouille</gco:CharacterString>
          </gmd:keyword>
          <gmd:keyword>
            <gco:CharacterString>monument</gco:CharacterString>
          </gmd:keyword>
          <gmd:keyword>
            <gco:CharacterString>site</gco:CharacterString>
          </gmd:keyword>
          <gmd:keyword>
            <gco:CharacterString>ensemble architectural</gco:CharacterString>
          </gmd:keyword>
          <gmd:keyword>
            <gco:CharacterString>site archéologique</gco:CharacterString>
          </gmd:keyword>
          <gmd:keyword>
            <gco:CharacterString>zone de protection</gco:CharacterString>
          </gmd:keyword>
          <gmd:keyword>
            <gco:CharacterString>CoPat</gco:CharacterString>
          </gmd:keyword>
          <gmd:type>
            <gmd:MD_KeywordTypeCode codeList="http://standards.iso.org/iso/19115/resources/Codelists/cat/codelists.xml#MD_KeywordTypeCode" codeListValue="theme" />
          </gmd:type>
        </gmd:MD_Keywords>
      </gmd:descriptiveKeywords>
      <gmd:resourceConstraints>
        <gmd:MD_LegalConstraints>
          <gmd:accessConstraints>
            <gmd:MD_RestrictionCode codeList="http://standards.iso.org/iso/19115/resources/Codelists/cat/codelists.xml#MD_RestrictionCode" codeListValue="license" />
          </gmd:accessConstraints>
          <gmd:useConstraints>
            <gmd:MD_RestrictionCode codeList="http://standards.iso.org/iso/19115/resources/Codelists/cat/codelists.xml#MD_RestrictionCode" codeListValue="license" />
          </gmd:useConstraints>
          <gmd:otherConstraints>
            <gmx:Anchor xlink:href="https://geoportail.wallonie.be/files/documents/ConditionsSPW/DataSPW-CGA.pdf">Les conditions générales d'accès s’appliquent.</gmx:Anchor>
          </gmd:otherConstraints>
          <gmd:otherConstraints>
            <gmx:Anchor xlink:href="https://geoportail.wallonie.be/files/documents/ConditionsSPW/DataSPW-CGU.pdf">Les conditions générales d'utilisation s'appliquent.</gmx:Anchor>
          </gmd:otherConstraints>
          <gmd:otherConstraints>
            <gmx:Anchor xlink:href="https://geoportail.wallonie.be/files/documents/ConditionsSPW/DataSPW-CPU-TypeA.pdf">Les conditions générales d'utilisation s'appliquent et sont étendues par les conditions particulières de type A.</gmx:Anchor>
          </gmd:otherConstraints>
        </gmd:MD_LegalConstraints>
      </gmd:resourceConstraints>
      <gmd:spatialRepresentationType>
        <gmd:MD_SpatialRepresentationTypeCode codeList="http://standards.iso.org/iso/19139/resources/gmxCodelists.xml#MD_SpatialRepresentationTypeCode" codeListValue="vector">vector</gmd:MD_SpatialRepresentationTypeCode>
      </gmd:spatialRepresentationType>
      <gmd:language>
        <gmd:LanguageCode codeList="http://www.loc.gov/standards/iso639-2/" codeListValue="fre" />
      </gmd:language>
      <gmd:characterSet>
        <gmd:MD_CharacterSetCode codeList="http://standards.iso.org/iso/19139/resources/gmxCodelists.xml#MD_CharacterSetCode" codeListValue="utf8">utf8</gmd:MD_CharacterSetCode>
      </gmd:characterSet>
      <gmd:topicCategory>
        <gmd:MD_TopicCategoryCode>planningCadastre</gmd:MD_TopicCategoryCode>
      </gmd:topicCategory>
      <gmd:topicCategory>
        <gmd:MD_TopicCategoryCode>structure</gmd:MD_TopicCategoryCode>
      </gmd:topicCategory>
      <gmd:extent>
        <gmd:EX_Extent>
          <gmd:description>
            <gco:CharacterString>Région wallonne</gco:CharacterString>
          </gmd:description>
          <gmd:geographicElement>
            <gmd:EX_GeographicBoundingBox>
              <gmd:westBoundLongitude>
                <gco:Decimal>2.75</gco:Decimal>
              </gmd:westBoundLongitude>
              <gmd:eastBoundLongitude>
                <gco:Decimal>6.50</gco:Decimal>
              </gmd:eastBoundLongitude>
              <gmd:southBoundLatitude>
                <gco:Decimal>49.45</gco:Decimal>
              </gmd:southBoundLatitude>
              <gmd:northBoundLatitude>
                <gco:Decimal>50.85</gco:Decimal>
              </gmd:northBoundLatitude>
            </gmd:EX_GeographicBoundingBox>
          </gmd:geographicElement>
        </gmd:EX_Extent>
      </gmd:extent>
    </gmd:MD_DataIdentification>
  </gmd:identificationInfo>
  <gmd:distributionInfo>
    <gmd:MD_Distribution>
      <gmd:distributionFormat>
        <gmd:MD_Format>
          <gmd:name>
            <gmx:Anchor xlink:href="http://inspire.ec.europa.eu/media-types/application/x-shapefile">ESRI Shapefile (.shp)</gmx:Anchor>
          </gmd:name>
          <gmd:version>
            <gco:CharacterString>-</gco:CharacterString>
          </gmd:version>
        </gmd:MD_Format>
      </gmd:distributionFormat>
      <gmd:distributionFormat>
        <gmd:MD_Format>
          <gmd:name>
            <gmx:Anchor xlink:href="http://inspire.ec.europa.eu/media-types/application/x-filegdb">ESRI File Geodatabase (.fgdb)</gmx:Anchor>
          </gmd:name>
          <gmd:version>
            <gco:CharacterString>10.x</gco:CharacterString>
          </gmd:version>
        </gmd:MD_Format>
      </gmd:distributionFormat>
      <gmd:distributor>
        <gmd:MD_Distributor>
          <gmd:distributorContact>
            <gmd:CI_ResponsibleParty>
              <gmd:organisationName>
                <gco:CharacterString>Service public de Wallonie (SPW)</gco:CharacterString>
              </gmd:organisationName>
              <gmd:contactInfo>
                <gmd:CI_Contact>
                  <gmd:address>
                    <gmd:CI_Address>
                      <gmd:electronicMailAddress>
                        <gco:CharacterString>helpdesk.carto@spw.wallonie.be</gco:CharacterString>
                      </gmd:electronicMailAddress>
                    </gmd:CI_Address>
                  </gmd:address>
                </gmd:CI_Contact>
              </gmd:contactInfo>
              <gmd:role>
                <gmd:CI_RoleCode codeList="http://standards.iso.org/iso/19139/resources/gmxCodelists.xml#CI_RoleCode" codeListValue="distributor">distributor</gmd:CI_RoleCode>
              </gmd:role>
            </gmd:CI_ResponsibleParty>
          </gmd:distributorContact>
          <gmd:distributionOrderProcess>
            <gmd:MD_StandardOrderProcess>
              <gmd:orderingInstructions>
                <gco:CharacterString>Cette série de couches de données est disponible et accessible gratuitement en téléchargement sur le site ftp TLPE via l'adresse suivante :
ftp://docum1.wallonie.be/donnees/patrimoine/BC_PAT/

Il est conseillé d'utiliser le lien ci-dessus dans le cas où la demande porte sur l'entièreté du territoire concerné par la série de couches de données.

Si votre demande porte sur un format spécifique de donnée ou une partie spécifique du territoire, veuillez suivre les instructions d'obtention d'une copie physique d’une donnée détaillées sur https://geoportail.wallonie.be/telecharger.

Cette ressource est une série de couches de données. En la commandant, l'ensemble des couches constitutives de cette série vous sera automatiquement fourni.</gco:CharacterString>
              </gmd:orderingInstructions>
            </gmd:MD_StandardOrderProcess>
          </gmd:distributionOrderProcess>
        </gmd:MD_Distributor>
      </gmd:distributor>
      <gmd:transferOptions>
        <gmd:MD_DigitalTransferOptions>
          <gmd:onLine>
            <gmd:CI_OnlineResource>
              <gmd:linkage>
                <gmd:URL>https://geoservices.wallonie.be/arcgis/rest/services/AMENAGEMENT_TERRITOIRE/BC_PAT/MapServer/legend</gmd:URL>
              </gmd:linkage>
              <gmd:protocol>
                <gco:CharacterString>WWW:LINK-1.0-http--link</gco:CharacterString>
              </gmd:protocol>
              <gmd:name>
                <gco:CharacterString>Légende des couches de données</gco:CharacterString>
              </gmd:name>
              <gmd:description>
                <gco:CharacterString>Légende des données relatives aux biens classés et zones de protection</gco:CharacterString>
              </gmd:description>
              <gmd:function>
                <gmd:CI_OnLineFunctionCode codeList="http://standards.iso.org/iso/19139/resources/gmxCodelists.xml#CI_OnLineFunctionCode" codeListValue="information.portrayal" />
              </gmd:function>
            </gmd:CI_OnlineResource>
          </gmd:onLine>
          <gmd:onLine>
            <gmd:CI_OnlineResource>
              <gmd:linkage>
                <gmd:URL>http://geoapps.wallonie.be/webgisdgo4/#CTX=BC_PAT</gmd:URL>
              </gmd:linkage>
              <gmd:protocol>
                <gco:CharacterString>WWW:LINK</gco:CharacterString>
              </gmd:protocol>
              <gmd:name>
                <gco:CharacterString>Application de consultation des données TLPE - Biens classés et zones de protection</gco:CharacterString>
              </gmd:name>
              <gmd:description>
                <gco:CharacterString>Application dédiée à la consultation des couches de données relatives aux biens classés et zones de protection . Cette application constitue un thème de l'application de consultation des données TLPE.</gco:CharacterString>
              </gmd:description>
              <gmd:function>
                <gmd:CI_OnLineFunctionCode codeList="http://standards.iso.org/iso/19115/resources/Codelists/cat/codelists.xml#CI_OnLineFunctionCode" codeListValue="browsing" />
              </gmd:function>
            </gmd:CI_OnlineResource>
          </gmd:onLine>
          <gmd:onLine>
            <gmd:CI_OnlineResource>
              <gmd:linkage>
                <gmd:URL>https://geoportail.wallonie.be/walonmap/#ADU=https://geoservices.wallonie.be/arcgis/rest/services/AMENAGEMENT_TERRITOIRE/BC_PAT/MapServer</gmd:URL>
              </gmd:linkage>
              <gmd:protocol>
                <gco:CharacterString>WWW:LINK</gco:CharacterString>
              </gmd:protocol>
              <gmd:name>
                <gco:CharacterString>Application WalOnMap - Toute la Wallonie à la carte</gco:CharacterString>
              </gmd:name>
              <gmd:description>
                <gco:CharacterString>Application cartographique du Geoportail (WalOnMap) qui permet de découvrir les données géographiques de la Wallonie.</gco:CharacterString>
              </gmd:description>
              <gmd:function>
                <gmd:CI_OnLineFunctionCode codeList="http://standards.iso.org/iso/19115/resources/Codelists/cat/codelists.xml#CI_OnLineFunctionCode" codeListValue="information" />
              </gmd:function>
            </gmd:CI_OnlineResource>
          </gmd:onLine>
          <gmd:onLine>
            <gmd:CI_OnlineResource>
              <gmd:linkage>
                <gmd:URL>https://geoservices.wallonie.be/arcgis/rest/services/AMENAGEMENT_TERRITOIRE/BC_PAT/MapServer</gmd:URL>
              </gmd:linkage>
              <gmd:protocol>
                <gco:CharacterString>ESRI:REST</gco:CharacterString>
              </gmd:protocol>
              <gmd:name>
                <gco:CharacterString>Service de visualisation ESRI-REST</gco:CharacterString>
              </gmd:name>
              <gmd:description>
                <gco:CharacterString>Adresse de connexion au service de visualisation ESRI-REST des couches relatives aux "Biens classés et zones de protection (BC_PAT)"</gco:CharacterString>
              </gmd:description>
              <gmd:function>
                <gmd:CI_OnLineFunctionCode codeList="http://standards.iso.org/iso/19115/resources/Codelists/cat/codelists.xml#CI_OnLineFunctionCode" codeListValue="browsing" />
              </gmd:function>
            </gmd:CI_OnlineResource>
          </gmd:onLine>
          <gmd:onLine>
            <gmd:CI_OnlineResource>
              <gmd:linkage>
                <gmd:URL>https://geoservices.wallonie.be/arcgis/services/AMENAGEMENT_TERRITOIRE/BC_PAT/MapServer/WMSServer?request=GetCapabilities&amp;service=WMS</gmd:URL>
              </gmd:linkage>
              <gmd:protocol>
                <gco:CharacterString>OGC:WMS</gco:CharacterString>
              </gmd:protocol>
              <gmd:name>
                <gco:CharacterString>Service de visualisation WMS</gco:CharacterString>
              </gmd:name>
              <gmd:description>
                <gco:CharacterString>Adresse de connexion au service de visualisation WMS des couches relatives aux "Biens classés et zones de protection (BC_PAT)"</gco:CharacterString>
              </gmd:description>
              <gmd:function>
                <gmd:CI_OnLineFunctionCode codeList="http://standards.iso.org/iso/19115/resources/Codelists/cat/codelists.xml#CI_OnLineFunctionCode" codeListValue="browsing" />
              </gmd:function>
            </gmd:CI_OnlineResource>
          </gmd:onLine>
          <gmd:onLine>
            <gmd:CI_OnlineResource>
              <gmd:linkage>
                <gmd:URL>ftp://docum1.wallonie.be/donnees/patrimoine/BC_PAT/</gmd:URL>
              </gmd:linkage>
              <gmd:protocol>
                <gco:CharacterString>WWW:LINK</gco:CharacterString>
              </gmd:protocol>
              <gmd:name>
                <gco:CharacterString>Téléchargement des couches de données</gco:CharacterString>
              </gmd:name>
              <gmd:description>
                <gco:CharacterString>Accès en téléchargement direct</gco:CharacterString>
              </gmd:description>
              <gmd:function>
                <gmd:CI_OnLineFunctionCode codeList="http://standards.iso.org/iso/19115/resources/Codelists/cat/codelists.xml#CI_OnLineFunctionCode" codeListValue="information" />
              </gmd:function>
            </gmd:CI_OnlineResource>
          </gmd:onLine>
          <gmd:onLine>
            <gmd:CI_OnlineResource>
              <gmd:linkage>
                <gmd:URL>http://spw.wallonie.be/dgo4/site_thema/index.php?thema=bc_pat</gmd:URL>
              </gmd:linkage>
              <gmd:protocol>
                <gco:CharacterString>WWW:LINK</gco:CharacterString>
              </gmd:protocol>
              <gmd:name>
                <gco:CharacterString>Base de données des biens classés et zones de protection</gco:CharacterString>
              </gmd:name>
              <gmd:description>
                <gco:CharacterString>Site permettant la recherche des biens classés et zones de protection</gco:CharacterString>
              </gmd:description>
              <gmd:function>
                <gmd:CI_OnLineFunctionCode codeList="http://standards.iso.org/iso/19115/resources/Codelists/cat/codelists.xml#CI_OnLineFunctionCode" codeListValue="search" />
              </gmd:function>
            </gmd:CI_OnlineResource>
          </gmd:onLine>
          <gmd:onLine>
            <gmd:CI_OnlineResource>
              <gmd:linkage>
                <gmd:URL>ftp://docum1.wallonie.be/DOCUMENTS/BC_PAT/BC_PAT.pdf</gmd:URL>
              </gmd:linkage>
              <gmd:protocol>
                <gco:CharacterString>WWW:LINK</gco:CharacterString>
              </gmd:protocol>
              <gmd:applicationProfile>
                <gco:CharacterString>application/pdf</gco:CharacterString>
              </gmd:applicationProfile>
              <gmd:name>
                <gco:CharacterString>Liste des biens classés</gco:CharacterString>
              </gmd:name>
              <gmd:description>
                <gco:CharacterString>Liste des biens classés en Région wallonne</gco:CharacterString>
              </gmd:description>
              <gmd:function>
                <gmd:CI_OnLineFunctionCode codeList="http://standards.iso.org/iso/19115/resources/Codelists/cat/codelists.xml#CI_OnLineFunctionCode" codeListValue="information" />
              </gmd:function>
            </gmd:CI_OnlineResource>
          </gmd:onLine>
          <gmd:onLine>
            <gmd:CI_OnlineResource>
              <gmd:linkage>
                <gmd:URL>https://agencewallonnedupatrimoine.be/se-renseigner/</gmd:URL>
              </gmd:linkage>
              <gmd:protocol>
                <gco:CharacterString>WWW:LINK</gco:CharacterString>
              </gmd:protocol>
              <gmd:name>
                <gco:CharacterString>Site Internet de l’Agence wallonne du Patrimoine</gco:CharacterString>
              </gmd:name>
              <gmd:description>
                <gco:CharacterString>Sur ce site, découvrez ce que le Service public de Wallonie accomplit dans le domaine de l'archéologie, de protection du patrimoine mais également en matière d'entretien et de restauration de biens classés.</gco:CharacterString>
              </gmd:description>
              <gmd:function>
                <gmd:CI_OnLineFunctionCode codeList="http://standards.iso.org/iso/19115/resources/Codelists/cat/codelists.xml#CI_OnLineFunctionCode" codeListValue="information" />
              </gmd:function>
            </gmd:CI_OnlineResource>
          </gmd:onLine>
        </gmd:MD_DigitalTransferOptions>
      </gmd:transferOptions>
    </gmd:MD_Distribution>
  </gmd:distributionInfo>
  <gmd:dataQualityInfo>
    <gmd:DQ_DataQuality>
      <gmd:scope>
        <gmd:MD_Scope>
          <gmd:level>
            <gmd:MD_ScopeCode codeList="http://standards.iso.org/iso/19115/resources/Codelists/cat/codelists.xml#MD_ScopeCode" codeListValue="series" />
          </gmd:level>
          <gmd:levelDescription>
            <gmd:MD_ScopeDescription>
              <gmd:other>
                <gco:CharacterString>Série de couches de données thématiques</gco:CharacterString>
              </gmd:other>
            </gmd:MD_ScopeDescription>
          </gmd:levelDescription>
        </gmd:MD_Scope>
      </gmd:scope>
      <gmd:lineage>
        <gmd:LI_Lineage>
          <gmd:statement>
            <gco:CharacterString>Les biens classés sont digitalisés à partir des documents d'origine (classement) sur base du parcellaire.

Les données de travail sont en cours de mise à jour continue au sein du service. L'intégration des nouveaux dossiers, la correction d'erreurs et la suppression des dossiers abrogés se font au fur et à mesure de la réception des informations.</gco:CharacterString>
          </gmd:statement>
        </gmd:LI_Lineage>
      </gmd:lineage>
    </gmd:DQ_DataQuality>
  </gmd:dataQualityInfo>
  <gmd:portrayalCatalogueInfo>
    <gmd:MD_PortrayalCatalogueReference>
      <gmd:portrayalCatalogueCitation>
        <gmd:CI_Citation>
          <gmd:title>
            <gco:CharacterString>Légende des couches de données</gco:CharacterString>
          </gmd:title>
          <gmd:date gco:nilReason="missing" />
        </gmd:CI_Citation>
      </gmd:portrayalCatalogueCitation>
    </gmd:MD_PortrayalCatalogueReference>
  </gmd:portrayalCatalogueInfo>
</gmd:MD_Metadata>