<?xml version="1.0" encoding="UTF-8"?>
<info version="1.1">
  <general>
    <createDate>2023-05-24T14:24:49.929Z</createDate>
    <changeDate>2023-10-20T08:54:31.162Z</changeDate>
    <schema>iso19139</schema>
    <isTemplate>n</isTemplate>
    <localId>101</localId>
    <format>full</format>
    <rating>0</rating>
    <popularity>4</popularity>
    <uuid>6d0bfdf4-4e94-48c6-9740-3f9facfd453c</uuid>
    <siteId>3bef299d-cf82-4033-871b-875f6936b2e2</siteId>
    <siteName>Test GeoNetwork-UI instance</siteName>
  </general>
  <categories />
  <privileges>
    <group name="all">
      <operation name="view" />
      <operation name="download" />
      <operation name="dynamic" />
    </group>
    <group name="intranet">
      <operation name="view" />
      <operation name="download" />
      <operation name="dynamic" />
    </group>
    <group name="MEL" groupOwner="true">
      <operation name="view" />
      <operation name="notify" />
    </group>
  </privileges>
  <public />
  <private />
</info>

