<?xml version="1.0" encoding="UTF-8"?>
<info version="1.1">
  <general>
    <createDate>2022-10-03T08:09:45.623Z</createDate>
    <changeDate>2022-10-03T08:09:45.623Z</changeDate>
    <schema>iso19139</schema>
    <isTemplate>n</isTemplate>
    <localId>730</localId>
    <format>full</format>
    <rating>0</rating>
    <popularity>0</popularity>
    <uuid>02a63353-b1ad-487b-a343-b4971eaf4a98</uuid>
    <siteId>cec997ba-1fa4-48d9-8be0-890da8cc65cf</siteId>
    <siteName>Test GeoNetwork-UI instance</siteName>
  </general>
  <categories />
  <privileges>
    <group name="all">
      <operation name="view" />
      <operation name="dynamic" />
      <operation name="download" />
    </group>
  </privileges>
  <public />
  <private />
</info>

