<?xml version="1.0" encoding="UTF-8"?>
<info version="1.1">
  <general>
    <createDate>2022-03-11T08:52:03.365Z</createDate>
    <changeDate>2022-03-11T08:52:03.365Z</changeDate>
    <schema>iso19139</schema>
    <isTemplate>n</isTemplate>
    <localId>729</localId>
    <format>full</format>
    <rating>0</rating>
    <popularity>0</popularity>
    <uuid>02366c9c-3b4d-4c92-803b-f4d2d8b434a5</uuid>
    <siteId>cec997ba-1fa4-48d9-8be0-890da8cc65cf</siteId>
    <siteName>Test GeoNetwork-UI instance</siteName>
  </general>
  <categories />
  <privileges>
    <group name="all">
      <operation name="view" />
      <operation name="dynamic" />
      <operation name="download" />
    </group>
  </privileges>
  <public />
  <private />
</info>

