<?xml version="1.0" encoding="UTF-8"?>
<info version="1.1">
  <general>
    <createDate>2025-04-30T10:36:26.686Z</createDate>
    <changeDate>2025-04-30T10:36:34.141Z</changeDate>
    <schema>iso19115-3.2018</schema>
    <isTemplate>n</isTemplate>
    <localId>750</localId>
    <format>full</format>
    <rating>0</rating>
    <popularity>1</popularity>
    <uuid>n_tri_lill_inondable_s_059</uuid>
    <siteId>3bef299d-cf82-4033-871b-875f6936b2e2</siteId>
    <siteName>Test GeoNetwork-UI instance</siteName>
  </general>
  <categories />
  <privileges>
    <group name="intranet">
      <operation name="view" />
      <operation name="dynamic" />
    </group>
    <group name="all">
      <operation name="view" />
      <operation name="dynamic" />
    </group>
    <group name="Barbie Inc.">
      <operation name="view" />
      <operation name="dynamic" />
    </group>
    <group name="GUEST">
      <operation name="view" />
      <operation name="dynamic" />
    </group>
    <group name="sample" groupOwner="true">
      <operation name="view" />
      <operation name="notify" />
    </group>
  </privileges>
  <public />
  <private />
</info>

