<?xml version="1.0" encoding="UTF-8"?>
<info version="1.1">
  <general>
    <createDate>2023-05-11T06:37:22.85Z</createDate>
    <changeDate>2023-05-11T06:37:22.85Z</changeDate>
    <schema>iso19139</schema>
    <isTemplate>n</isTemplate>
    <localId>724</localId>
    <format>full</format>
    <rating>0</rating>
    <popularity>0</popularity>
    <uuid>011963da-afc0-494c-a2cc-5cbd59e122e4</uuid>
    <siteId>cec997ba-1fa4-48d9-8be0-890da8cc65cf</siteId>
    <siteName>Test GeoNetwork-UI instance</siteName>
  </general>
  <categories />
  <privileges>
    <group name="all">
      <operation name="view" />
      <operation name="dynamic" />
      <operation name="download" />
    </group>
  </privileges>
  <public />
  <private />
</info>

