<?xml version="1.0" encoding="UTF-8"?>
<gmd:MD_Metadata xmlns:gmd="http://www.isotc211.org/2005/gmd" xmlns:gco="http://www.isotc211.org/2005/gco" xmlns:srv="http://www.isotc211.org/2005/srv" xmlns:gmx="http://www.isotc211.org/2005/gmx" xmlns:gts="http://www.isotc211.org/2005/gts" xmlns:gsr="http://www.isotc211.org/2005/gsr" xmlns:gmi="http://www.isotc211.org/2005/gmi" xmlns:gml="http://www.opengis.net/gml/3.2" xmlns:xlink="http://www.w3.org/1999/xlink" xmlns:xsi="http://www.w3.org/2001/XMLSchema-instance" xmlns:geonet="http://www.fao.org/geonetwork" xsi:schemaLocation="http://www.isotc211.org/2005/gmd http://schemas.opengis.net/csw/2.0.2/profiles/apiso/1.0.0/apiso.xsd">
  <gmd:fileIdentifier>
    <gco:CharacterString>ed34db28-5dd4-480f-bf29-dc08f0086131</gco:CharacterString>
  </gmd:fileIdentifier>
  <gmd:language xmlns:xl="http://www.w3.org/1999/xlink">
    <gmd:LanguageCode codeList="http://www.loc.gov/standards/iso639-2/" codeListValue="fre">Français</gmd:LanguageCode>
  </gmd:language>
  <gmd:characterSet xmlns:xl="http://www.w3.org/1999/xlink">
    <gmd:MD_CharacterSetCode codeList="http://standards.iso.org/iso/19139/resources/gmxCodelists.xml#MD_CharacterSetCode" codeListValue="utf8" />
  </gmd:characterSet>
  <gmd:hierarchyLevel xmlns:xl="http://www.w3.org/1999/xlink">
    <gmd:MD_ScopeCode codeList="http://standards.iso.org/iso/19139/resources/gmxCodelists.xml#MD_ScopeCode" codeListValue="dataset" />
  </gmd:hierarchyLevel>
  <gmd:contact xmlns:xl="http://www.w3.org/1999/xlink">
    <gmd:CI_ResponsibleParty>
      <gmd:organisationName>
        <gco:CharacterString>Métropole Européenne de Lille</gco:CharacterString>
      </gmd:organisationName>
      <gmd:contactInfo>
        <gmd:CI_Contact>
          <gmd:phone>
            <gmd:CI_Telephone>
              <gmd:voice>
                <gco:CharacterString>+33 (0)3 20 21 22 23</gco:CharacterString>
              </gmd:voice>
            </gmd:CI_Telephone>
          </gmd:phone>
          <gmd:address>
            <gmd:CI_Address>
              <gmd:deliveryPoint>
                <gco:CharacterString>2, boulevard des Cités Unies CS 70043</gco:CharacterString>
              </gmd:deliveryPoint>
              <gmd:city>
                <gco:CharacterString>Lille</gco:CharacterString>
              </gmd:city>
              <gmd:postalCode>
                <gco:CharacterString>59040</gco:CharacterString>
              </gmd:postalCode>
              <gmd:country>
                <gco:CharacterString>FRA</gco:CharacterString>
              </gmd:country>
              <gmd:electronicMailAddress>
                <gco:CharacterString>sigdata@lillemetropole.fr</gco:CharacterString>
              </gmd:electronicMailAddress>
            </gmd:CI_Address>
          </gmd:address>
        </gmd:CI_Contact>
      </gmd:contactInfo>
      <gmd:role>
        <gmd:CI_RoleCode codeList="http://standards.iso.org/iso/19139/resources/gmxCodelists.xml#CI_RoleCode" codeListValue="pointOfContact" />
      </gmd:role>
    </gmd:CI_ResponsibleParty>
  </gmd:contact>
  <gmd:dateStamp xmlns:xl="http://www.w3.org/1999/xlink">
    <gco:DateTime>2024-10-30T08:03:39.801093Z</gco:DateTime>
  </gmd:dateStamp>
  <gmd:metadataStandardName xmlns:xl="http://www.w3.org/1999/xlink">
    <gco:CharacterString>ISO 19115 Geographic Information - Resource</gco:CharacterString>
  </gmd:metadataStandardName>
  <gmd:metadataStandardVersion xmlns:xl="http://www.w3.org/1999/xlink">
    <gco:CharacterString>2003/Cor.1:2006</gco:CharacterString>
  </gmd:metadataStandardVersion>
  <gmd:spatialRepresentationInfo xmlns:xl="http://www.w3.org/1999/xlink">
    <gmd:MD_VectorSpatialRepresentation>
      <gmd:geometricObjects>
        <gmd:MD_GeometricObjects>
          <gmd:geometricObjectType>
            <gmd:MD_GeometricObjectTypeCode codeList="http://standards.iso.org/iso/19139/resources/gmxCodelists.xml#MD_GeometricObjectTypeCode" codeListValue="point" />
          </gmd:geometricObjectType>
          <gmd:geometricObjectCount>
            <gco:Integer>2503</gco:Integer>
          </gmd:geometricObjectCount>
        </gmd:MD_GeometricObjects>
      </gmd:geometricObjects>
    </gmd:MD_VectorSpatialRepresentation>
  </gmd:spatialRepresentationInfo>
  <gmd:referenceSystemInfo xmlns:xl="http://www.w3.org/1999/xlink">
    <gmd:MD_ReferenceSystem>
      <gmd:referenceSystemIdentifier>
        <gmd:RS_Identifier>
          <gmd:code>
            <gmx:Anchor xl:href="http://www.opengis.net/def/crs/EPSG/0/2154">EPSG:2154</gmx:Anchor>
          </gmd:code>
        </gmd:RS_Identifier>
      </gmd:referenceSystemIdentifier>
    </gmd:MD_ReferenceSystem>
  </gmd:referenceSystemInfo>
  <gmd:identificationInfo xmlns:xl="http://www.w3.org/1999/xlink">
    <gmd:MD_DataIdentification>
      <gmd:citation>
        <gmd:CI_Citation>
          <gmd:title>
            <gco:CharacterString>Zones de collecte de déchets en porte à porte - par flux de collecte, jour et horaire de tournée</gco:CharacterString>
          </gmd:title>
          <gmd:alternateTitle gco:nilReason="missing">
            <gco:CharacterString />
          </gmd:alternateTitle>
          <gmd:date>
            <gmd:CI_Date>
              <gmd:date>
                <gco:Date>2024-04-26</gco:Date>
              </gmd:date>
              <gmd:dateType>
                <gmd:CI_DateTypeCode codeList="http://standards.iso.org/iso/19139/resources/gmxCodelists.xml#CI_DateTypeCode" codeListValue="revision" />
              </gmd:dateType>
            </gmd:CI_Date>
          </gmd:date>
          <gmd:date>
            <gmd:CI_Date>
              <gmd:date>
                <gco:Date>2023-10-20</gco:Date>
              </gmd:date>
              <gmd:dateType>
                <gmd:CI_DateTypeCode codeList="http://standards.iso.org/iso/19139/resources/gmxCodelists.xml#CI_DateTypeCode" codeListValue="creation" />
              </gmd:dateType>
            </gmd:CI_Date>
          </gmd:date>
          <gmd:identifier>
            <gmd:MD_Identifier>
              <gmd:code>
                <gco:CharacterString>20d90d3b-64a4-4777-bfb6-7da3b48eb421</gco:CharacterString>
              </gmd:code>
            </gmd:MD_Identifier>
          </gmd:identifier>
        </gmd:CI_Citation>
      </gmd:citation>
      <gmd:abstract>
        <gco:CharacterString>La collecte des déchets ménagers et assimilés est principalement assurée en porte à porte sur le territoire de la Métropole Européenne de Lille (MEL).

Ce jeu de données présente :
* les zones correspondant à chaque tournée de collecte,
* les flux de déchets collectés,
* le jour et l'heure de la collecte (au format OSM Opening Hours).

Chaque tournée de collecte présente un identifiant métier unique. La motivation principale pour la création de ce jeu de données a été la possibilité d’interroger les horaires et déchets collectés par la géographie et pas par adresse.

### Contexte
Les tournées de collecte en porte à porte sont évolution constante sur le territoire.
* D'une part, depuis la création de l'intercommunalité, le périmètre de la MEL a fortement évolué au gré de l'intégration de nouvelles communes ou de leur fusion. Début 2017, une première modification a lieu avec l'adhésion des communes appartenant auparavant à la Communauté de Communes des Weppes, suivie en mars 2020 par celles de la Communauté de Communes de la Haute-Deûle. Ces anciennes intercommunalités avaient mis en place une organisation du tri et de la collecte des déchets ménagers et assimilés et des prestataires différents de ceux de la MEL. L'objectif de long terme reste l'harmonisation des méthodes de collecte à l'échelle métropolitaine.

* D'autre part, de nouveau mode de collecte sont apparus ou ont été renforcés, avec par exemple l'installation progressive des Points d'Apport Volontaire, l'Extension des Consignes de Tri ou l'implantation du tri à la source des biodéchets. Ces dynamiques plus récentes modifient en détail et au cas par cas la collecte en fonction du lieu de résidence du producteur de déchets.

* Enfin, les prestataires de collecte mettent à jour leurs propres tournées de collecte, pour leur besoins d'exploitation et en fonction des évolutions de terrain.

La première version de ce jeu de données date de septembre 2024.</gco:CharacterString>
      </gmd:abstract>
      <gmd:status>
        <gmd:MD_ProgressCode codeList="http://standards.iso.org/iso/19139/resources/gmxCodelists.xml#MD_ProgressCode" codeListValue="onGoing" />
      </gmd:status>
      <gmd:pointOfContact>
        <gmd:CI_ResponsibleParty>
          <gmd:individualName>
            <gco:CharacterString>MEL - Métropole Européenne de Lille</gco:CharacterString>
          </gmd:individualName>
          <gmd:organisationName>
            <gco:CharacterString>Métropole Européenne de Lille</gco:CharacterString>
          </gmd:organisationName>
          <gmd:contactInfo>
            <gmd:CI_Contact>
              <gmd:address>
                <gmd:CI_Address>
                  <gmd:electronicMailAddress>
                    <gco:CharacterString>opendata@lillemetropole.fr</gco:CharacterString>
                  </gmd:electronicMailAddress>
                </gmd:CI_Address>
              </gmd:address>
            </gmd:CI_Contact>
          </gmd:contactInfo>
          <gmd:role>
            <gmd:CI_RoleCode codeList="http://standards.iso.org/iso/19139/resources/gmxCodelists.xml#CI_RoleCode" codeListValue="originator" />
          </gmd:role>
        </gmd:CI_ResponsibleParty>
      </gmd:pointOfContact>
      <gmd:pointOfContact>
        <gmd:CI_ResponsibleParty>
          <gmd:individualName>
            <gco:CharacterString>MEL - Métropole Européenne de Lille</gco:CharacterString>
          </gmd:individualName>
          <gmd:organisationName>
            <gco:CharacterString>Métropole Européenne de Lille</gco:CharacterString>
          </gmd:organisationName>
          <gmd:contactInfo>
            <gmd:CI_Contact>
              <gmd:address>
                <gmd:CI_Address>
                  <gmd:electronicMailAddress>
                    <gco:CharacterString>opendata@lillemetropole.fr</gco:CharacterString>
                  </gmd:electronicMailAddress>
                </gmd:CI_Address>
              </gmd:address>
            </gmd:CI_Contact>
          </gmd:contactInfo>
          <gmd:role>
            <gmd:CI_RoleCode codeList="http://standards.iso.org/iso/19139/resources/gmxCodelists.xml#CI_RoleCode" codeListValue="distributor" />
          </gmd:role>
        </gmd:CI_ResponsibleParty>
      </gmd:pointOfContact>
      <gmd:pointOfContact>
        <gmd:CI_ResponsibleParty>
          <gmd:individualName>
            <gco:CharacterString>MEL - Métropole Européenne de Lille</gco:CharacterString>
          </gmd:individualName>
          <gmd:organisationName>
            <gco:CharacterString>Métropole Européenne de Lille</gco:CharacterString>
          </gmd:organisationName>
          <gmd:contactInfo>
            <gmd:CI_Contact>
              <gmd:address>
                <gmd:CI_Address>
                  <gmd:electronicMailAddress>
                    <gco:CharacterString>opendata@lillemetropole.fr</gco:CharacterString>
                  </gmd:electronicMailAddress>
                </gmd:CI_Address>
              </gmd:address>
            </gmd:CI_Contact>
          </gmd:contactInfo>
          <gmd:role>
            <gmd:CI_RoleCode codeList="http://standards.iso.org/iso/19139/resources/gmxCodelists.xml#CI_RoleCode" codeListValue="pointOfContact" />
          </gmd:role>
        </gmd:CI_ResponsibleParty>
      </gmd:pointOfContact>
      <gmd:resourceMaintenance>
        <gmd:MD_MaintenanceInformation>
          <gmd:maintenanceAndUpdateFrequency>
            <gmd:MD_MaintenanceFrequencyCode codeList="http://standards.iso.org/iso/19139/resources/gmxCodelists.xml#MD_MaintenanceFrequencyCode" codeListValue="continual" />
          </gmd:maintenanceAndUpdateFrequency>
        </gmd:MD_MaintenanceInformation>
      </gmd:resourceMaintenance>
      <gmd:descriptiveKeywords xmlns:gn="http://www.fao.org/geonetwork">
        <gmd:MD_Keywords>
          <gmd:keyword>
            <gmx:Anchor xlink:href="http://www.eionet.europa.eu/gemet/concept/2301">ordures ménagères</gmx:Anchor>
          </gmd:keyword>
          <gmd:keyword>
            <gmx:Anchor xlink:href="http://www.eionet.europa.eu/gemet/concept/9107">recyclage des déchets</gmx:Anchor>
          </gmd:keyword>
          <gmd:keyword>
            <gmx:Anchor xlink:href="http://www.eionet.europa.eu/gemet/concept/3678">verre</gmx:Anchor>
          </gmd:keyword>
          <gmd:keyword>
            <gmx:Anchor xlink:href="http://www.eionet.europa.eu/gemet/concept/7609">collecte sélective des déchets</gmx:Anchor>
          </gmd:keyword>
          <gmd:keyword>
            <gmx:Anchor xlink:href="http://www.eionet.europa.eu/gemet/concept/15342">déchets ménagers</gmx:Anchor>
          </gmd:keyword>
          <gmd:type>
            <gmd:MD_KeywordTypeCode codeList="http://standards.iso.org/iso/19139/resources/gmxCodelists.xml#MD_KeywordTypeCode" codeListValue="theme" />
          </gmd:type>
          <gmd:thesaurusName>
            <gmd:CI_Citation>
              <gmd:title>
                <gmx:Anchor xlink:href="http://geonetwork-opensource.org/gemet">GEMET</gmx:Anchor>
              </gmd:title>
              <gmd:date>
                <gmd:CI_Date>
                  <gmd:date>
                    <gco:Date>2018-08-16</gco:Date>
                  </gmd:date>
                  <gmd:dateType>
                    <gmd:CI_DateTypeCode codeList="http://standards.iso.org/iso/19139/resources/gmxCodelists.xml#CI_DateTypeCode" codeListValue="publication" />
                  </gmd:dateType>
                </gmd:CI_Date>
              </gmd:date>
              <gmd:identifier>
                <gmd:MD_Identifier>
                  <gmd:code>
                    <gmx:Anchor xlink:href="https://data.lillemetropole.fr/geonetwork/srv/api/registries/vocabularies/external.theme.gemet">geonetwork.thesaurus.external.theme.gemet</gmx:Anchor>
                  </gmd:code>
                </gmd:MD_Identifier>
              </gmd:identifier>
            </gmd:CI_Citation>
          </gmd:thesaurusName>
        </gmd:MD_Keywords>
      </gmd:descriptiveKeywords>
      <gmd:descriptiveKeywords xmlns:gn="http://www.fao.org/geonetwork">
        <gmd:MD_Keywords>
          <gmd:keyword>
            <gmx:Anchor xlink:href="https://data.lillemetropole.fr/place/melTerritories#1">Métropole Européenne de Lille</gmx:Anchor>
          </gmd:keyword>
          <gmd:type>
            <gmd:MD_KeywordTypeCode codeList="http://standards.iso.org/iso/19139/resources/gmxCodelists.xml#MD_KeywordTypeCode" codeListValue="place" />
          </gmd:type>
          <gmd:thesaurusName>
            <gmd:CI_Citation>
              <gmd:title>
                <gmx:Anchor xlink:href="https://data.lillemetropole.fr/place/melTerritories">Territoires MEL</gmx:Anchor>
              </gmd:title>
              <gmd:date>
                <gmd:CI_Date>
                  <gmd:date>
                    <gco:Date>2024-05-14</gco:Date>
                  </gmd:date>
                  <gmd:dateType>
                    <gmd:CI_DateTypeCode codeList="http://standards.iso.org/iso/19139/resources/gmxCodelists.xml#CI_DateTypeCode" codeListValue="publication" />
                  </gmd:dateType>
                </gmd:CI_Date>
              </gmd:date>
              <gmd:identifier>
                <gmd:MD_Identifier>
                  <gmd:code>
                    <gmx:Anchor xlink:href="https://data.lillemetropole.fr/geonetwork/srv/api/registries/vocabularies/local.place.mel">geonetwork.thesaurus.local.place.mel</gmx:Anchor>
                  </gmd:code>
                </gmd:MD_Identifier>
              </gmd:identifier>
            </gmd:CI_Citation>
          </gmd:thesaurusName>
        </gmd:MD_Keywords>
      </gmd:descriptiveKeywords>
      <gmd:descriptiveKeywords>
        <gmd:MD_Keywords>
          <gmd:keyword>
            <gco:CharacterString>Déchets</gco:CharacterString>
          </gmd:keyword>
          <gmd:keyword>
            <gco:CharacterString>Poubelles</gco:CharacterString>
          </gmd:keyword>
          <gmd:keyword>
            <gco:CharacterString>Environnement</gco:CharacterString>
          </gmd:keyword>
          <gmd:type>
            <gmd:MD_KeywordTypeCode codeList="http://standards.iso.org/iso/19139/resources/gmxCodelists.xml#MD_KeywordTypeCode" codeListValue="theme" />
          </gmd:type>
          <gmd:thesaurusName>
            <gmd:CI_Citation>
              <gmd:title>
                <gco:CharacterString>Environnement, Énergie</gco:CharacterString>
              </gmd:title>
              <gmd:date>
                <gmd:CI_Date>
                  <gmd:date>
                    <gco:Date>2024-05-14</gco:Date>
                  </gmd:date>
                  <gmd:dateType>
                    <gmd:CI_DateTypeCode codeList="http://standards.iso.org/iso/19139/resources/gmxCodelists.xml#CI_DateTypeCode" codeListValue="publication" />
                  </gmd:dateType>
                </gmd:CI_Date>
              </gmd:date>
              <gmd:identifier>
                <gmd:MD_Identifier>
                  <gmd:code>
                    <gmx:Anchor xlink:href="https://data.lillemetropole.fr/geonetwork/srv/api/registries/vocabularies/external.theme.thesaurus_mot_cle_thematique_environnement_energie">geonetwork.thesaurus.external.theme.thesaurus_mot_cle_thematique_environnement_energie</gmx:Anchor>
                  </gmd:code>
                </gmd:MD_Identifier>
              </gmd:identifier>
            </gmd:CI_Citation>
          </gmd:thesaurusName>
        </gmd:MD_Keywords>
      </gmd:descriptiveKeywords>
      <gmd:descriptiveKeywords>
        <gmd:MD_Keywords>
          <gmd:keyword>
            <gco:CharacterString>Environnement, énergie</gco:CharacterString>
          </gmd:keyword>
          <gmd:type>
            <gmd:MD_KeywordTypeCode codeList="http://standards.iso.org/iso/19139/resources/gmxCodelists.xml#MD_KeywordTypeCode" codeListValue="theme" />
          </gmd:type>
          <gmd:thesaurusName>
            <gmd:CI_Citation>
              <gmd:title>
                <gco:CharacterString>Catégories</gco:CharacterString>
              </gmd:title>
              <gmd:date>
                <gmd:CI_Date>
                  <gmd:date>
                    <gco:Date>2024-05-14</gco:Date>
                  </gmd:date>
                  <gmd:dateType>
                    <gmd:CI_DateTypeCode codeList="http://standards.iso.org/iso/19139/resources/gmxCodelists.xml#CI_DateTypeCode" codeListValue="publication" />
                  </gmd:dateType>
                </gmd:CI_Date>
              </gmd:date>
              <gmd:identifier>
                <gmd:MD_Identifier>
                  <gmd:code>
                    <gmx:Anchor xlink:href="https://data.lillemetropole.fr/geonetwork/srv/api/registries/vocabularies/external.theme.thesaurus_mot_cle_thematique_categories">geonetwork.thesaurus.external.theme.thesaurus_mot_cle_thematique_categories</gmx:Anchor>
                  </gmd:code>
                </gmd:MD_Identifier>
              </gmd:identifier>
            </gmd:CI_Citation>
          </gmd:thesaurusName>
        </gmd:MD_Keywords>
      </gmd:descriptiveKeywords>
      <gmd:descriptiveKeywords xmlns:gn="http://www.fao.org/geonetwork">
        <gmd:MD_Keywords>
          <gmd:keyword>
            <gmx:Anchor xlink:href="https://data.lillemetropole.fr/thematique/granularite_territoriale#6d82fd9e-b769-4e16-9076-87aee3037ed1">Autre</gmx:Anchor>
          </gmd:keyword>
          <gmd:type>
            <gmd:MD_KeywordTypeCode codeList="http://standards.iso.org/iso/19139/resources/gmxCodelists.xml#MD_KeywordTypeCode" codeListValue="theme" />
          </gmd:type>
          <gmd:thesaurusName>
            <gmd:CI_Citation>
              <gmd:title>
                <gmx:Anchor xlink:href="http://geonetwork-opensource.org/granularite_territoriale">Granularité territoriale</gmx:Anchor>
              </gmd:title>
              <gmd:date>
                <gmd:CI_Date>
                  <gmd:date>
                    <gco:Date>2024-05-14</gco:Date>
                  </gmd:date>
                  <gmd:dateType>
                    <gmd:CI_DateTypeCode codeList="http://standards.iso.org/iso/19139/resources/gmxCodelists.xml#CI_DateTypeCode" codeListValue="publication" />
                  </gmd:dateType>
                </gmd:CI_Date>
              </gmd:date>
              <gmd:identifier>
                <gmd:MD_Identifier>
                  <gmd:code>
                    <gmx:Anchor xlink:href="https://data.lillemetropole.fr/geonetwork/srv/api/registries/vocabularies/external.theme.granularite_territoriale">geonetwork.thesaurus.external.theme.granularite_territoriale</gmx:Anchor>
                  </gmd:code>
                </gmd:MD_Identifier>
              </gmd:identifier>
            </gmd:CI_Citation>
          </gmd:thesaurusName>
        </gmd:MD_Keywords>
      </gmd:descriptiveKeywords>
      <gmd:resourceConstraints>
        <gmd:MD_Constraints>
          <gmd:useLimitation gco:nilReason="missing">
            <gmx:Anchor xl:href="https://www.etalab.gouv.fr/wp-content/uploads/2017/04/ETALAB-Licence-Ouverte-v2.0.pdf" xl:title="Licence ouverte ETALAB 2.0" />
          </gmd:useLimitation>
        </gmd:MD_Constraints>
      </gmd:resourceConstraints>
      <gmd:resourceConstraints xmlns:gn="http://www.fao.org/geonetwork">
        <gmd:MD_LegalConstraints>
          <gmd:accessConstraints>
            <gmd:MD_RestrictionCode codeList="http://standards.iso.org/iso/19139/resources/gmxCodelists.xml#MD_RestrictionCode" codeListValue="otherRestrictions" />
          </gmd:accessConstraints>
          <gmd:accessConstraints>
            <gmd:MD_RestrictionCode codeListValue="license" codeList="http://standards.iso.org/iso/19139/resources/gmxCodelists.xml#MD_RestrictionCode" />
          </gmd:accessConstraints>
          <gmd:accessConstraints>
            <gmd:MD_RestrictionCode codeListValue="license" codeList="http://standards.iso.org/iso/19139/resources/gmxCodelists.xml#MD_RestrictionCode" />
          </gmd:accessConstraints>
          <gmd:useConstraints>
            <gmd:MD_RestrictionCode codeList="http://standards.iso.org/iso/19139/resources/gmxCodelists.xml#MD_RestrictionCode" codeListValue="otherRestrictions" />
          </gmd:useConstraints>
          <gmd:otherConstraints>
            <gmx:Anchor xlink:href="http://inspire.ec.europa.eu/metadatacodelist/LimitationsOnPublicAccess/noLimitations">Licence Ouverte v2.0 (Etalab)</gmx:Anchor>
          </gmd:otherConstraints>
          <gmd:otherConstraints>
            <gco:CharacterString>Licence Ouverte version 2.0  https://www.etalab.gouv.fr/wp-content/uploads/2017/04/ETALAB-Licence-Ouverte-v2.0.pdf</gco:CharacterString>
          </gmd:otherConstraints>
          <gmd:otherConstraints>
            <gco:CharacterString>Licence Ouverte v2.0 (Etalab)</gco:CharacterString>
          </gmd:otherConstraints>
          <gmd:otherConstraints>
            <gco:CharacterString>Licence Ouverte v2.0 (Etalab)</gco:CharacterString>
          </gmd:otherConstraints>
        </gmd:MD_LegalConstraints>
      </gmd:resourceConstraints>
      <gmd:spatialRepresentationType>
        <gmd:MD_SpatialRepresentationTypeCode codeList="http://standards.iso.org/iso/19139/resources/gmxCodelists.xml#MD_SpatialRepresentationTypeCode" codeListValue="vector" />
      </gmd:spatialRepresentationType>
      <gmd:spatialResolution>
        <gmd:MD_Resolution>
          <gmd:distance>
            <gco:Distance uom="http://standards.iso.org/ittf/PubliclyAvailableStandards/ISO_19139_Schemas/resources/uom/ML_gmxUom.xml#m">2</gco:Distance>
          </gmd:distance>
        </gmd:MD_Resolution>
      </gmd:spatialResolution>
      <gmd:language>
        <gmd:LanguageCode codeList="http://www.loc.gov/standards/iso639-2/" codeListValue="fre">Français</gmd:LanguageCode>
      </gmd:language>
      <gmd:characterSet>
        <gmd:MD_CharacterSetCode codeList="http://standards.iso.org/iso/19139/resources/gmxCodelists.xml#MD_CharacterSetCode" codeListValue="utf8" />
      </gmd:characterSet>
      <gmd:topicCategory>
        <gmd:MD_TopicCategoryCode>environment</gmd:MD_TopicCategoryCode>
      </gmd:topicCategory>
      <gmd:extent>
        <gmd:EX_Extent xmlns:xs="http://www.w3.org/2001/XMLSchema">
          <gmd:description>
            <gco:CharacterString>Métropole Européenne de Lille</gco:CharacterString>
          </gmd:description>
          <gmd:geographicElement>
            <gmd:EX_GeographicBoundingBox>
              <gmd:westBoundLongitude>
                <gco:Decimal>2.78913293567365</gco:Decimal>
              </gmd:westBoundLongitude>
              <gmd:eastBoundLongitude>
                <gco:Decimal>3.272498092970729</gco:Decimal>
              </gmd:eastBoundLongitude>
              <gmd:southBoundLatitude>
                <gco:Decimal>50.4997300394295</gco:Decimal>
              </gmd:southBoundLatitude>
              <gmd:northBoundLatitude>
                <gco:Decimal>50.7945765614518</gco:Decimal>
              </gmd:northBoundLatitude>
            </gmd:EX_GeographicBoundingBox>
          </gmd:geographicElement>
        </gmd:EX_Extent>
      </gmd:extent>
    </gmd:MD_DataIdentification>
  </gmd:identificationInfo>
  <gmd:distributionInfo>
    <gmd:MD_Distribution>
      <gmd:distributionFormat xmlns:xl="http://www.w3.org/1999/xlink">
        <gmd:MD_Format>
          <gmd:name>
            <gco:CharacterString>Oracle Spatial</gco:CharacterString>
          </gmd:name>
          <gmd:version>
            <gco:CharacterString>12.1</gco:CharacterString>
          </gmd:version>
        </gmd:MD_Format>
      </gmd:distributionFormat>
      <gmd:transferOptions>
        <gmd:MD_DigitalTransferOptions>
          <gmd:onLine>
            <gmd:CI_OnlineResource>
              <gmd:linkage>
                <gmd:URL>https://data.lillemetropole.fr/geoserver/ows</gmd:URL>
              </gmd:linkage>
              <gmd:protocol>
                <gco:CharacterString>OGC:WMS</gco:CharacterString>
              </gmd:protocol>
              <gmd:name>
                <gco:CharacterString>mel_environnement_energie:jour_collecte</gco:CharacterString>
              </gmd:name>
              <gmd:description>
                <gco:CharacterString>jour_collecte</gco:CharacterString>
              </gmd:description>
            </gmd:CI_OnlineResource>
          </gmd:onLine>
          <gmd:onLine>
            <gmd:CI_OnlineResource>
              <gmd:linkage>
                <gmd:URL>https://data.lillemetropole.fr/geoserver/ows</gmd:URL>
              </gmd:linkage>
              <gmd:protocol>
                <gco:CharacterString>OGC:WFS</gco:CharacterString>
              </gmd:protocol>
              <gmd:name>
                <gco:CharacterString>mel_environnement_energie:jour_collecte</gco:CharacterString>
              </gmd:name>
              <gmd:description>
                <gco:CharacterString>jour_collecte</gco:CharacterString>
              </gmd:description>
            </gmd:CI_OnlineResource>
          </gmd:onLine>
          <gmd:onLine>
            <gmd:CI_OnlineResource>
              <gmd:linkage>
                <gmd:URL>https://data.lillemetropole.fr/data/ogcapi/collections/environnement_energie:jour_collecte/items</gmd:URL>
              </gmd:linkage>
              <gmd:protocol>
                <gco:CharacterString>OGC API - Features</gco:CharacterString>
              </gmd:protocol>
              <gmd:name>
                <gco:CharacterString>jour_collecte</gco:CharacterString>
              </gmd:name>
            </gmd:CI_OnlineResource>
          </gmd:onLine>
        </gmd:MD_DigitalTransferOptions>
      </gmd:transferOptions>
    </gmd:MD_Distribution>
  </gmd:distributionInfo>
  <gmd:dataQualityInfo xmlns:xl="http://www.w3.org/1999/xlink">
    <gmd:DQ_DataQuality>
      <gmd:scope>
        <gmd:DQ_Scope>
          <gmd:level>
            <gmd:MD_ScopeCode codeList="http://standards.iso.org/iso/19139/resources/gmxCodelists.xml#MD_ScopeCode" codeListValue="dataset" />
          </gmd:level>
        </gmd:DQ_Scope>
      </gmd:scope>
      <gmd:report>
        <gmd:DQ_TopologicalConsistency>
          <gmd:result>
            <gmd:DQ_QuantitativeResult>
              <gmd:valueUnit gco:nilReason="missing" />
              <gmd:value>
                <gco:Record>Consistency has not been evaluated</gco:Record>
              </gmd:value>
            </gmd:DQ_QuantitativeResult>
          </gmd:result>
        </gmd:DQ_TopologicalConsistency>
      </gmd:report>
      <gmd:lineage>
        <gmd:LI_Lineage>
          <gmd:statement>
            <gco:CharacterString>### Méthode

La Direction des Déchets Ménagers (DDM) assure le lien avec les prestataires en charge de la collecte en porte à porte. Les données récoltées auprès de ces derniers sont homogénéisées et fusionnées pour assurer un jeu complet à l'échelle MEL. La mise à jour est réalisée en continue et présentée en OpenData. L'idée du zonage géographique pour chaque tournée de collecte permet de requêter l'information par une position géographique, et non plus seulement par une adresse. Ainsi le jeu de données ne dépend plus de l'exactitude ou de la fraîcheur de la Banque d'Adresses Nationale (BAN) ou  de celles des bases des prestataires de collecte. Cela permet une polyvalence dans l'usage du jeu de données pour les applications web (tiers), smartphone (usagers) ou autres outils de recherche.

### Contrôle

La DDM contrôle l'exactitude et la fraîcheur des données à l'aide de contrôles de terrain, d'outils géographiques et des retours signalés par les usagers.</gco:CharacterString>
          </gmd:statement>
          <gmd:processStep>
            <gmd:LI_ProcessStep>
              <gmd:description gco:nilReason="missing">
                <gco:CharacterString />
              </gmd:description>
            </gmd:LI_ProcessStep>
          </gmd:processStep>
        </gmd:LI_Lineage>
      </gmd:lineage>
    </gmd:DQ_DataQuality>
  </gmd:dataQualityInfo>
</gmd:MD_Metadata>