<?xml version="1.0" encoding="UTF-8"?>
<info version="1.1">
  <general>
    <createDate>2022-06-14T09:19:54.141Z</createDate>
    <changeDate>2022-06-14T09:19:54.141Z</changeDate>
    <schema>iso19139</schema>
    <isTemplate>n</isTemplate>
    <localId>728</localId>
    <format>full</format>
    <rating>0</rating>
    <popularity>0</popularity>
    <uuid>020c04f8-cc3d-4cd7-8af7-336b0a1a58f5</uuid>
    <siteId>cec997ba-1fa4-48d9-8be0-890da8cc65cf</siteId>
    <siteName>Test GeoNetwork-UI instance</siteName>
  </general>
  <categories />
  <privileges>
    <group name="all">
      <operation name="view" />
      <operation name="dynamic" />
      <operation name="download" />
    </group>
  </privileges>
  <public />
  <private />
</info>

