<?xml version="1.0" encoding="UTF-8"?>
<info version="1.1">
  <general>
    <createDate>2022-03-11T13:36:24.521Z</createDate>
    <changeDate>2022-03-11T13:36:24.521Z</changeDate>
    <schema>iso19139</schema>
    <isTemplate>n</isTemplate>
    <localId>727</localId>
    <format>full</format>
    <rating>0</rating>
    <popularity>1</popularity>
    <uuid>01ec6ec7-6454-4504-ac95-befb16bacb0e</uuid>
    <siteId>cec997ba-1fa4-48d9-8be0-890da8cc65cf</siteId>
    <siteName>Test GeoNetwork-UI instance</siteName>
  </general>
  <categories />
  <privileges>
    <group name="all">
      <operation name="view" />
      <operation name="dynamic" />
      <operation name="download" />
    </group>
  </privileges>
  <public />
  <private />
</info>

