<?xml version="1.0" encoding="UTF-8"?>
<info version="1.1">
  <general>
    <createDate>2022-11-21T12:45:03.489Z</createDate>
    <changeDate>2022-11-21T12:45:03.489Z</changeDate>
    <schema>iso19139</schema>
    <isTemplate>n</isTemplate>
    <localId>726</localId>
    <format>full</format>
    <rating>0</rating>
    <popularity>0</popularity>
    <uuid>014a4971-03f6-4da1-a8e4-aa07d428ba9e</uuid>
    <siteId>cec997ba-1fa4-48d9-8be0-890da8cc65cf</siteId>
    <siteName>Test GeoNetwork-UI instance</siteName>
  </general>
  <categories />
  <privileges />
  <public />
  <private />
</info>

