<?xml version="1.0" encoding="UTF-8"?>
<info version="1.1">
  <general>
    <createDate>2025-03-07T15:39:06.49Z</createDate>
    <changeDate>2025-03-07T15:39:06.49Z</changeDate>
    <schema>iso19115-3.2018</schema>
    <isTemplate>n</isTemplate>
    <localId>749</localId>
    <format>full</format>
    <rating>0</rating>
    <popularity>0</popularity>
    <uuid>50aa3037-ac17-4c0d-ad15-b43a5a0929ae</uuid>
    <siteId>3bef299d-cf82-4033-871b-875f6936b2e2</siteId>
    <siteName>Test GeoNetwork-UI instance</siteName>
  </general>
  <categories />
  <privileges>
    <group name="sample" groupOwner="true">
      <operation name="view" />
      <operation name="notify" />
    </group>
  </privileges>
  <public />
  <private />
</info>

