<?xml version="1.0" encoding="UTF-8"?>
<gmd:MD_Metadata xmlns:gmd="http://www.isotc211.org/2005/gmd" xmlns:xsi="http://www.w3.org/2001/XMLSchema-instance" xmlns:gco="http://www.isotc211.org/2005/gco" xmlns:srv="http://www.isotc211.org/2005/srv" xmlns:gmx="http://www.isotc211.org/2005/gmx" xmlns:gts="http://www.isotc211.org/2005/gts" xmlns:gsr="http://www.isotc211.org/2005/gsr" xmlns:gmi="http://www.isotc211.org/2005/gmi" xmlns:gml="http://www.opengis.net/gml/3.2" xmlns:xlink="http://www.w3.org/1999/xlink" xmlns:geonet="http://www.fao.org/geonetwork" xsi:schemaLocation="http://www.isotc211.org/2005/gmd http://schemas.opengis.net/csw/2.0.2/profiles/apiso/1.0.0/apiso.xsd">
  <gmd:fileIdentifier>
    <gco:CharacterString>ee965118-2416-4d48-b07e-bbc696f002c2</gco:CharacterString>
  </gmd:fileIdentifier>
  <gmd:language>
    <gmd:LanguageCode codeList="http://www.loc.gov/standards/iso639-2/" codeListValue="fre" />
  </gmd:language>
  <gmd:characterSet>
    <gmd:MD_CharacterSetCode codeListValue="utf8" codeList="http://standards.iso.org/iso/19139/resources/gmxCodelists.xml#MD_CharacterSetCode" />
  </gmd:characterSet>
  <gmd:hierarchyLevel>
    <gmd:MD_ScopeCode codeListValue="dataset" codeList="http://standards.iso.org/iso/19139/resources/gmxCodelists.xml#MD_ScopeCode" />
  </gmd:hierarchyLevel>
  <gmd:hierarchyLevelName>
    <gco:CharacterString>Précision sur le niveau de hiérarchie (non INSPIRE)</gco:CharacterString>
  </gmd:hierarchyLevelName>
  <gmd:contact>
    <gmd:CI_ResponsibleParty>
      <gmd:organisationName>
        <gco:CharacterString>Région Hauts-de-France</gco:CharacterString>
      </gmd:organisationName>
      <gmd:contactInfo>
        <gmd:CI_Contact>
          <gmd:address>
            <gmd:CI_Address>
              <gmd:electronicMailAddress>
                <gco:CharacterString>opendata@hautsdefrance.fr</gco:CharacterString>
              </gmd:electronicMailAddress>
            </gmd:CI_Address>
          </gmd:address>
        </gmd:CI_Contact>
      </gmd:contactInfo>
      <gmd:role>
        <gmd:CI_RoleCode codeList="http://standards.iso.org/iso/19139/resources/gmxCodelists.xml#CI_RoleCode" codeListValue="pointOfContact" />
      </gmd:role>
    </gmd:CI_ResponsibleParty>
  </gmd:contact>
  <gmd:dateStamp>
    <gco:DateTime>2024-05-03T13:35:48.091Z</gco:DateTime>
  </gmd:dateStamp>
  <gmd:metadataStandardName>
    <gco:CharacterString>ISO 19115:2003/19139</gco:CharacterString>
  </gmd:metadataStandardName>
  <gmd:metadataStandardVersion>
    <gco:CharacterString>1.0</gco:CharacterString>
  </gmd:metadataStandardVersion>
  <gmd:identificationInfo>
    <gmd:MD_DataIdentification>
      <gmd:citation>
        <gmd:CI_Citation>
          <gmd:title>
            <gco:CharacterString>SCoT (Schéma de cohérence territoriale) en région Hauts-de-France</gco:CharacterString>
          </gmd:title>
          <gmd:date>
            <gmd:CI_Date>
              <gmd:date>
                <gco:Date>2021-02-17</gco:Date>
              </gmd:date>
              <gmd:dateType>
                <gmd:CI_DateTypeCode codeList="http://standards.iso.org/iso/19139/resources/gmxCodelists.xml#CI_DateTypeCode" codeListValue="creation" />
              </gmd:dateType>
            </gmd:CI_Date>
          </gmd:date>
          <gmd:date>
            <gmd:CI_Date>
              <gmd:date>
                <gco:Date>2023-03-06</gco:Date>
              </gmd:date>
              <gmd:dateType>
                <gmd:CI_DateTypeCode codeList="http://standards.iso.org/iso/19139/resources/gmxCodelists.xml#CI_DateTypeCode" codeListValue="revision" />
              </gmd:dateType>
            </gmd:CI_Date>
          </gmd:date>
          <gmd:edition gco:nilReason="missing">
            <gco:CharacterString />
          </gmd:edition>
          <gmd:identifier>
            <gmd:MD_Identifier>
              <gmd:code>
                <gco:CharacterString>fr-200053742/2021/scot</gco:CharacterString>
              </gmd:code>
            </gmd:MD_Identifier>
          </gmd:identifier>
        </gmd:CI_Citation>
      </gmd:citation>
      <gmd:abstract>
        <gco:CharacterString>Le SCoT (Schéma de Cohérence Territoriale) est régi par le code de l'urbanisme (articles L et R.141-1 et suivants). C’est un document d'urbanisme déterminant à l’échelle de plusieurs communes ou groupements de communes, un projet de territoire visant à mettre en cohérence l'ensemble des politiques sectorielles, notamment pour l’habitat, la mobilité, l’aménagement commercial, l’environnement et le paysage.

La donnée sur les SCoT se décompose en 3 données distinctes :
- scot_approuves : SCoT approuvés et opposables. Le périmètre correspond au périmètre du document approuvé.

- scot_en_cours : Scot en cours d’élaboration ou de révision. Tout changement apporté à un SCoT crée une nouvelle version qui vient remplacer la précédente. Ainsi, un SCoT en révision peut avoir un périmètre différent du périmètre du précédent document approuvé.

- scot_archives : SCoT remplacé, annulé ou caduc. Tout changement apporté à un SCoT crée une nouvelle version qui vient remplacer la précédente. Ainsi, un SCoT en révision (préalablement dans la couche scot_en_cours) qui se retrouve approuvé et opposable passe donc dans la couche scot_approuves. Le SCoT qui est remplacé par ce nouveau passe quant à lui dans la couche scot_archives. Il en est de même pour un SCoT annulé ou caduc (plus de détails dans le dictionnaire d'attributs ci-dessous).

Les données produites s'appuient sur le modèle CNIG de juin 2018 relatif aux SCoT :
http://cnig.gouv.fr/wp-content/uploads/2019/04/190315_Standard_CNIG_SCOT.pdf

! La structure a été modifiée au 03/2023 pour prendre en compte les évolutions du modèle CNIG du 10/06/2021 :
http://cnig.gouv.fr/IMG/pdf/210615_standard_cnig_nouveauscot.pdf
(il coexiste donc dans le modèle des champs liés aux deux modèles, par exemple sur les PADD pour les "anciens" SCoT, ou encore sur les PAS ou les DAAC pour les "nouveaux" SCoT)

Plus d'information sur :
https://www.legifrance.gouv.fr/codes/section_lc/LEGITEXT000006074075/LEGISCTA000031210896/#LEGISCTA000031212094
et sur
http://cnig.gouv.fr/ressources-dematerialisation-documents-d-urbanisme-a2732.html</gco:CharacterString>
      </gmd:abstract>
      <gmd:status>
        <gmd:MD_ProgressCode codeList="http://standards.iso.org/iso/19139/resources/gmxCodelists.xml#MD_ProgressCode" codeListValue="onGoing" />
      </gmd:status>
      <gmd:pointOfContact>
        <gmd:CI_ResponsibleParty>
          <gmd:organisationName>
            <gco:CharacterString>Région Hauts-de-France</gco:CharacterString>
          </gmd:organisationName>
          <gmd:contactInfo>
            <gmd:CI_Contact>
              <gmd:address>
                <gmd:CI_Address>
                  <gmd:electronicMailAddress>
                    <gco:CharacterString>opendata@hautsdefrance.fr</gco:CharacterString>
                  </gmd:electronicMailAddress>
                </gmd:CI_Address>
              </gmd:address>
            </gmd:CI_Contact>
          </gmd:contactInfo>
          <gmd:role>
            <gmd:CI_RoleCode codeList="http://standards.iso.org/iso/19139/resources/gmxCodelists.xml#CI_RoleCode" codeListValue="pointOfContact" />
          </gmd:role>
        </gmd:CI_ResponsibleParty>
      </gmd:pointOfContact>
      <gmd:graphicOverview>
        <gmd:MD_BrowseGraphic>
          <gmd:fileName>
            <gco:CharacterString>https://geocatalogue.hautsdefrance.fr/geonetwork/srv/api/records/ee965118-2416-4d48-b07e-bbc696f002c2/attachments/Scot_21.JPG</gco:CharacterString>
          </gmd:fileName>
          <gmd:fileDescription>
            <gco:CharacterString>Scot_21.JPG</gco:CharacterString>
          </gmd:fileDescription>
        </gmd:MD_BrowseGraphic>
      </gmd:graphicOverview>
      <gmd:descriptiveKeywords>
        <gmd:MD_Keywords>
          <gmd:keyword>
            <gco:CharacterString>SCOT</gco:CharacterString>
          </gmd:keyword>
          <gmd:keyword>
            <gco:CharacterString>SCHEMA DE COHERENCE TERRITORIALE</gco:CharacterString>
          </gmd:keyword>
          <gmd:keyword>
            <gco:CharacterString>COMMUNE</gco:CharacterString>
          </gmd:keyword>
          <gmd:keyword>
            <gco:CharacterString>URBANISME</gco:CharacterString>
          </gmd:keyword>
          <gmd:keyword>
            <gco:CharacterString>AMENAGEMENT DU TERRITOIRE</gco:CharacterString>
          </gmd:keyword>
          <gmd:keyword>
            <gco:CharacterString>MOBILITE</gco:CharacterString>
          </gmd:keyword>
          <gmd:keyword>
            <gco:CharacterString>COMMERCE</gco:CharacterString>
          </gmd:keyword>
          <gmd:keyword>
            <gco:CharacterString>HABITAT</gco:CharacterString>
          </gmd:keyword>
          <gmd:keyword>
            <gco:CharacterString>LICENCE OUVERTE</gco:CharacterString>
          </gmd:keyword>
          <gmd:keyword>
            <gco:CharacterString>DONNEE OUVERTE</gco:CharacterString>
          </gmd:keyword>
        </gmd:MD_Keywords>
      </gmd:descriptiveKeywords>
      <gmd:descriptiveKeywords>
        <gmd:MD_Keywords>
          <gmd:keyword>
            <gco:CharacterString>AISNE</gco:CharacterString>
          </gmd:keyword>
          <gmd:keyword>
            <gco:CharacterString>NORD</gco:CharacterString>
          </gmd:keyword>
          <gmd:keyword>
            <gco:CharacterString>PAS-DE-CALAIS</gco:CharacterString>
          </gmd:keyword>
          <gmd:keyword>
            <gco:CharacterString>OISE</gco:CharacterString>
          </gmd:keyword>
          <gmd:keyword>
            <gco:CharacterString>SOMME</gco:CharacterString>
          </gmd:keyword>
          <gmd:type>
            <gmd:MD_KeywordTypeCode codeList="http://standards.iso.org/iso/19139/resources/gmxCodelists.xml#MD_KeywordTypeCode" codeListValue="place" />
          </gmd:type>
          <gmd:thesaurusName>
            <gmd:CI_Citation>
              <gmd:title>
                <gco:CharacterString>Départements</gco:CharacterString>
              </gmd:title>
              <gmd:date>
                <gmd:CI_Date>
                  <gmd:date>
                    <gco:Date>2018-02-08</gco:Date>
                  </gmd:date>
                  <gmd:dateType>
                    <gmd:CI_DateTypeCode codeList="http://standards.iso.org/iso/19139/resources/gmxCodelists.xml#CI_DateTypeCode" codeListValue="publication" />
                  </gmd:dateType>
                </gmd:CI_Date>
              </gmd:date>
              <gmd:identifier>
                <gmd:MD_Identifier>
                  <gmd:code>
                    <gmx:Anchor xlink:href="https://geocatalogue.hautsdefrance.fr:80/geonetwork/srv/eng/thesaurus.download?ref=external.place.geopicardie-departements">geonetwork.thesaurus.external.place.geopicardie-departements</gmx:Anchor>
                  </gmd:code>
                </gmd:MD_Identifier>
              </gmd:identifier>
            </gmd:CI_Citation>
          </gmd:thesaurusName>
        </gmd:MD_Keywords>
      </gmd:descriptiveKeywords>
      <gmd:descriptiveKeywords>
        <gmd:MD_Keywords>
          <gmd:keyword>
            <gco:CharacterString>HAUTS-DE-FRANCE</gco:CharacterString>
          </gmd:keyword>
          <gmd:type>
            <gmd:MD_KeywordTypeCode codeList="http://standards.iso.org/iso/19139/resources/gmxCodelists.xml#MD_KeywordTypeCode" codeListValue="place" />
          </gmd:type>
          <gmd:thesaurusName>
            <gmd:CI_Citation>
              <gmd:title>
                <gco:CharacterString>Région</gco:CharacterString>
              </gmd:title>
              <gmd:date>
                <gmd:CI_Date>
                  <gmd:date>
                    <gco:Date>2018-02-08</gco:Date>
                  </gmd:date>
                  <gmd:dateType>
                    <gmd:CI_DateTypeCode codeList="http://standards.iso.org/iso/19139/resources/gmxCodelists.xml#CI_DateTypeCode" codeListValue="publication" />
                  </gmd:dateType>
                </gmd:CI_Date>
              </gmd:date>
              <gmd:identifier>
                <gmd:MD_Identifier>
                  <gmd:code>
                    <gmx:Anchor xlink:href="https://geocatalogue.hautsdefrance.fr:80/geonetwork/srv/eng/thesaurus.download?ref=external.place.geo2france_region">geonetwork.thesaurus.external.place.geo2france_region</gmx:Anchor>
                  </gmd:code>
                </gmd:MD_Identifier>
              </gmd:identifier>
            </gmd:CI_Citation>
          </gmd:thesaurusName>
        </gmd:MD_Keywords>
      </gmd:descriptiveKeywords>
      <gmd:descriptiveKeywords>
        <gmd:MD_Keywords>
          <gmd:keyword>
            <gco:CharacterString>AMENAGEMENT</gco:CharacterString>
          </gmd:keyword>
          <gmd:type>
            <gmd:MD_KeywordTypeCode codeList="http://standards.iso.org/iso/19139/resources/gmxCodelists.xml#MD_KeywordTypeCode" codeListValue="theme" />
          </gmd:type>
          <gmd:thesaurusName>
            <gmd:CI_Citation>
              <gmd:title>
                <gco:CharacterString>Thèmes - SIG - HdF</gco:CharacterString>
              </gmd:title>
              <gmd:date>
                <gmd:CI_Date>
                  <gmd:date>
                    <gco:Date>2019-09-30</gco:Date>
                  </gmd:date>
                  <gmd:dateType>
                    <gmd:CI_DateTypeCode codeList="http://standards.iso.org/iso/19139/resources/gmxCodelists.xml#CI_DateTypeCode" codeListValue="publication" />
                  </gmd:dateType>
                </gmd:CI_Date>
              </gmd:date>
              <gmd:identifier>
                <gmd:MD_Identifier>
                  <gmd:code>
                    <gmx:Anchor xlink:href="https://geocatalogue.hautsdefrance.fr/geonetwork/srv/eng/thesaurus.download?ref=local.theme.themes_sig">geonetwork.thesaurus.local.theme.themes_sig</gmx:Anchor>
                  </gmd:code>
                </gmd:MD_Identifier>
              </gmd:identifier>
            </gmd:CI_Citation>
          </gmd:thesaurusName>
        </gmd:MD_Keywords>
      </gmd:descriptiveKeywords>
      <gmd:descriptiveKeywords>
        <gmd:MD_Keywords>
          <gmd:keyword>
            <gco:CharacterString>Unités administratives</gco:CharacterString>
          </gmd:keyword>
          <gmd:type>
            <gmd:MD_KeywordTypeCode codeList="http://standards.iso.org/iso/19139/resources/gmxCodelists.xml#MD_KeywordTypeCode" codeListValue="theme" />
          </gmd:type>
          <gmd:thesaurusName>
            <gmd:CI_Citation>
              <gmd:title>
                <gco:CharacterString>GEMET - INSPIRE themes, version 1.0</gco:CharacterString>
              </gmd:title>
              <gmd:date>
                <gmd:CI_Date>
                  <gmd:date>
                    <gco:Date>2008-06-01</gco:Date>
                  </gmd:date>
                  <gmd:dateType>
                    <gmd:CI_DateTypeCode codeList="http://standards.iso.org/iso/19139/resources/gmxCodelists.xml#CI_DateTypeCode" codeListValue="publication" />
                  </gmd:dateType>
                </gmd:CI_Date>
              </gmd:date>
              <gmd:identifier>
                <gmd:MD_Identifier>
                  <gmd:code>
                    <gmx:Anchor xlink:href="https://geocatalogue.hautsdefrance.fr:80/geonetwork/srv/eng/thesaurus.download?ref=external.theme.inspire-theme">geonetwork.thesaurus.external.theme.inspire-theme</gmx:Anchor>
                  </gmd:code>
                </gmd:MD_Identifier>
              </gmd:identifier>
            </gmd:CI_Citation>
          </gmd:thesaurusName>
        </gmd:MD_Keywords>
      </gmd:descriptiveKeywords>
      <gmd:resourceConstraints>
        <gmd:MD_LegalConstraints>
          <gmd:otherConstraints>
            <gco:CharacterString>Utilisation libre sous réserve de mentionner la source (a minima le nom du producteur) et la date de sa dernière mise à jour</gco:CharacterString>
          </gmd:otherConstraints>
        </gmd:MD_LegalConstraints>
      </gmd:resourceConstraints>
      <gmd:resourceConstraints>
        <gmd:MD_Constraints>
          <gmd:useLimitation>
            <gco:CharacterString>Données ouvertes</gco:CharacterString>
          </gmd:useLimitation>
        </gmd:MD_Constraints>
      </gmd:resourceConstraints>
      <gmd:spatialResolution>
        <gmd:MD_Resolution>
          <gmd:distance>
            <gco:Distance uom="m">5</gco:Distance>
          </gmd:distance>
        </gmd:MD_Resolution>
      </gmd:spatialResolution>
      <gmd:spatialResolution>
        <gmd:MD_Resolution>
          <gmd:equivalentScale>
            <gmd:MD_RepresentativeFraction>
              <gmd:denominator>
                <gco:Integer>5000</gco:Integer>
              </gmd:denominator>
            </gmd:MD_RepresentativeFraction>
          </gmd:equivalentScale>
        </gmd:MD_Resolution>
      </gmd:spatialResolution>
      <gmd:language>
        <gco:CharacterString>fre</gco:CharacterString>
      </gmd:language>
      <gmd:characterSet>
        <gmd:MD_CharacterSetCode codeList="http://standards.iso.org/iso/19139/resources/gmxCodelists.xml#MD_CharacterSetCode" codeListValue="utf8" />
      </gmd:characterSet>
      <gmd:topicCategory>
        <gmd:MD_TopicCategoryCode>boundaries</gmd:MD_TopicCategoryCode>
      </gmd:topicCategory>
      <gmd:extent>
        <gmd:EX_Extent>
          <gmd:description>
            <gco:CharacterString>Hauts-de-France</gco:CharacterString>
          </gmd:description>
          <gmd:geographicElement>
            <gmd:EX_GeographicBoundingBox>
              <gmd:westBoundLongitude>
                <gco:Decimal>1.36</gco:Decimal>
              </gmd:westBoundLongitude>
              <gmd:eastBoundLongitude>
                <gco:Decimal>4.08</gco:Decimal>
              </gmd:eastBoundLongitude>
              <gmd:southBoundLatitude>
                <gco:Decimal>48.827</gco:Decimal>
              </gmd:southBoundLatitude>
              <gmd:northBoundLatitude>
                <gco:Decimal>51.0911</gco:Decimal>
              </gmd:northBoundLatitude>
            </gmd:EX_GeographicBoundingBox>
          </gmd:geographicElement>
          <gmd:temporalElement>
            <gmd:EX_TemporalExtent>
              <gmd:extent>
                <gml:TimePeriod gml:id="d3863e417a1051934">
                  <gml:beginPosition>2020-03-20</gml:beginPosition>
                  <gml:end>
                    <gml:TimeInstant gml:id="d8675e422a1051934">
                      <gml:timePosition />
                    </gml:TimeInstant>
                  </gml:end>
                </gml:TimePeriod>
              </gmd:extent>
            </gmd:EX_TemporalExtent>
          </gmd:temporalElement>
          <gmd:temporalElement>
            <gmd:EX_TemporalExtent>
              <gmd:extent>
                <gml:TimePeriod gml:id="d17561e430a1051934">
                  <gml:beginPosition>2024-03-04</gml:beginPosition>
                  <gml:endPosition>2024-03-19</gml:endPosition>
                </gml:TimePeriod>
              </gmd:extent>
            </gmd:EX_TemporalExtent>
          </gmd:temporalElement>
        </gmd:EX_Extent>
      </gmd:extent>
    </gmd:MD_DataIdentification>
  </gmd:identificationInfo>
  <gmd:distributionInfo>
    <gmd:MD_Distribution>
      <gmd:distributionFormat xmlns:che="http://www.geocat.ch/2008/che">
        <gmd:MD_Format>
          <gmd:name gco:nilReason="missing">
            <gco:CharacterString />
          </gmd:name>
          <gmd:version gco:nilReason="unknown">
            <gco:CharacterString />
          </gmd:version>
          <gmd:specification gco:nilReason="missing">
            <gco:CharacterString />
          </gmd:specification>
          <gmd:formatDistributor>
            <gmd:MD_Distributor>
              <gmd:distributorContact>
                <gmd:CI_ResponsibleParty>
                  <gmd:individualName gco:nilReason="missing">
                    <gco:CharacterString />
                  </gmd:individualName>
                  <gmd:organisationName gco:nilReason="missing">
                    <gco:CharacterString />
                  </gmd:organisationName>
                  <gmd:contactInfo>
                    <gmd:CI_Contact>
                      <gmd:address>
                        <gmd:CI_Address>
                          <gmd:electronicMailAddress gco:nilReason="missing">
                            <gco:CharacterString />
                          </gmd:electronicMailAddress>
                        </gmd:CI_Address>
                      </gmd:address>
                    </gmd:CI_Contact>
                  </gmd:contactInfo>
                  <gmd:role>
                    <gmd:CI_RoleCode codeList="http://standards.iso.org/iso/19139/resources/gmxCodelists.xml#CI_RoleCode" codeListValue="" />
                  </gmd:role>
                </gmd:CI_ResponsibleParty>
              </gmd:distributorContact>
            </gmd:MD_Distributor>
          </gmd:formatDistributor>
        </gmd:MD_Format>
      </gmd:distributionFormat>
      <gmd:transferOptions>
        <gmd:MD_DigitalTransferOptions>
          <gmd:onLine xmlns:che="http://www.geocat.ch/2008/che">
            <gmd:CI_OnlineResource>
              <gmd:linkage>
                <gmd:URL>https://qgisserver.hautsdefrance.fr/cgi-bin/qgis_mapserv.fcgi?MAP=/var/www/data/qgis/applications/limites_admin.qgz</gmd:URL>
              </gmd:linkage>
              <gmd:protocol>
                <gco:CharacterString>OGC:WMS</gco:CharacterString>
              </gmd:protocol>
              <gmd:name>
                <gco:CharacterString>scot_en_cours</gco:CharacterString>
              </gmd:name>
              <gmd:description>
                <gco:CharacterString>scot en cours d'élaboration ou de révision</gco:CharacterString>
              </gmd:description>
            </gmd:CI_OnlineResource>
          </gmd:onLine>
          <gmd:onLine xmlns:che="http://www.geocat.ch/2008/che">
            <gmd:CI_OnlineResource>
              <gmd:linkage>
                <gmd:URL>https://qgisserver.hautsdefrance.fr/cgi-bin/qgis_mapserv.fcgi?MAP=/var/www/data/qgis/applications/limites_admin.qgz</gmd:URL>
              </gmd:linkage>
              <gmd:protocol>
                <gco:CharacterString>OGC:WFS</gco:CharacterString>
              </gmd:protocol>
              <gmd:name>
                <gco:CharacterString>scot_en_cours</gco:CharacterString>
              </gmd:name>
              <gmd:description>
                <gco:CharacterString>scot en cours d'élaboration ou de révision</gco:CharacterString>
              </gmd:description>
            </gmd:CI_OnlineResource>
          </gmd:onLine>
          <gmd:onLine>
            <gmd:CI_OnlineResource>
              <gmd:linkage>
                <gmd:URL>https://qgisserver.hautsdefrance.fr/cgi-bin/qgis_mapserv.fcgi?MAP=/var/www/data/qgis/applications/limites_admin.qgz&amp;request=GetFeature&amp;typename=scot_en_cours&amp;outputformat=csv&amp;service=WFS</gmd:URL>
              </gmd:linkage>
              <gmd:protocol>
                <gco:CharacterString>WWW:LINK-1.0-http--link</gco:CharacterString>
              </gmd:protocol>
              <gmd:name>
                <gco:CharacterString>scot_en_cours - CSV</gco:CharacterString>
              </gmd:name>
              <gmd:description>
                <gco:CharacterString>scot en cours d'élaboration ou de révision</gco:CharacterString>
              </gmd:description>
              <gmd:function>
                <gmd:CI_OnLineFunctionCode codeList="http://standards.iso.org/iso/19139/resources/gmxCodelists.xml#CI_OnLineFunctionCode" codeListValue="download" />
              </gmd:function>
            </gmd:CI_OnlineResource>
          </gmd:onLine>
          <gmd:onLine xmlns:che="http://www.geocat.ch/2008/che">
            <gmd:CI_OnlineResource>
              <gmd:linkage>
                <gmd:URL>https://qgisserver.hautsdefrance.fr/cgi-bin/qgis_mapserv.fcgi?MAP=/var/www/data/qgis/applications/limites_admin.qgz&amp;request=GetFeature&amp;typename=scot_en_cours&amp;outputformat=geojson&amp;service=WFS</gmd:URL>
              </gmd:linkage>
              <gmd:protocol>
                <gco:CharacterString>WWW:LINK-1.0-http--link</gco:CharacterString>
              </gmd:protocol>
              <gmd:name>
                <gco:CharacterString>scot_en_cours - Geojson</gco:CharacterString>
              </gmd:name>
              <gmd:description>
                <gco:CharacterString>Scot en cours d'élaboration ou de révision</gco:CharacterString>
              </gmd:description>
              <gmd:function>
                <gmd:CI_OnLineFunctionCode codeList="http://standards.iso.org/iso/19139/resources/gmxCodelists.xml#CI_OnLineFunctionCode" codeListValue="download" />
              </gmd:function>
            </gmd:CI_OnlineResource>
          </gmd:onLine>
          <gmd:onLine xmlns:che="http://www.geocat.ch/2008/che">
            <gmd:CI_OnlineResource>
              <gmd:linkage>
                <gmd:URL>https://qgisserver.hautsdefrance.fr/cgi-bin/qgis_mapserv.fcgi?MAP=/var/www/data/qgis/applications/limites_admin.qgz</gmd:URL>
              </gmd:linkage>
              <gmd:protocol>
                <gco:CharacterString>OGC:WMS</gco:CharacterString>
              </gmd:protocol>
              <gmd:name>
                <gco:CharacterString>scot_approuves</gco:CharacterString>
              </gmd:name>
              <gmd:description>
                <gco:CharacterString>scot approuvé et opposable</gco:CharacterString>
              </gmd:description>
            </gmd:CI_OnlineResource>
          </gmd:onLine>
          <gmd:onLine xmlns:che="http://www.geocat.ch/2008/che">
            <gmd:CI_OnlineResource>
              <gmd:linkage>
                <gmd:URL>https://qgisserver.hautsdefrance.fr/cgi-bin/qgis_mapserv.fcgi?MAP=/var/www/data/qgis/applications/limites_admin.qgz</gmd:URL>
              </gmd:linkage>
              <gmd:protocol>
                <gco:CharacterString>OGC:WFS</gco:CharacterString>
              </gmd:protocol>
              <gmd:name>
                <gco:CharacterString>scot_approuves</gco:CharacterString>
              </gmd:name>
              <gmd:description>
                <gco:CharacterString>scot approuvé et opposable</gco:CharacterString>
              </gmd:description>
            </gmd:CI_OnlineResource>
          </gmd:onLine>
          <gmd:onLine xmlns:che="http://www.geocat.ch/2008/che">
            <gmd:CI_OnlineResource>
              <gmd:linkage>
                <gmd:URL>https://qgisserver.hautsdefrance.fr/cgi-bin/qgis_mapserv.fcgi?MAP=/var/www/data/qgis/applications/limites_admin.qgz&amp;request=GetFeature&amp;typename=scot_approuves&amp;outputformat=csv&amp;service=WFS</gmd:URL>
              </gmd:linkage>
              <gmd:protocol>
                <gco:CharacterString>WWW:LINK-1.0-http--link</gco:CharacterString>
              </gmd:protocol>
              <gmd:name>
                <gco:CharacterString>scot_approuves - CSV</gco:CharacterString>
              </gmd:name>
              <gmd:description>
                <gco:CharacterString>Scot approuvé et opposable</gco:CharacterString>
              </gmd:description>
              <gmd:function>
                <gmd:CI_OnLineFunctionCode codeList="http://standards.iso.org/iso/19139/resources/gmxCodelists.xml#CI_OnLineFunctionCode" codeListValue="download" />
              </gmd:function>
            </gmd:CI_OnlineResource>
          </gmd:onLine>
          <gmd:onLine xmlns:che="http://www.geocat.ch/2008/che">
            <gmd:CI_OnlineResource>
              <gmd:linkage>
                <gmd:URL>https://qgisserver.hautsdefrance.fr/cgi-bin/qgis_mapserv.fcgi?MAP=/var/www/data/qgis/applications/limites_admin.qgz&amp;request=GetFeature&amp;typename=%20scot_approuves%20&amp;outputformat=geojson&amp;service=WFS</gmd:URL>
              </gmd:linkage>
              <gmd:protocol>
                <gco:CharacterString>WWW:LINK-1.0-http--link</gco:CharacterString>
              </gmd:protocol>
              <gmd:name>
                <gco:CharacterString>scot_approuves - Geojson</gco:CharacterString>
              </gmd:name>
              <gmd:description>
                <gco:CharacterString>Scot approuvé et opposable</gco:CharacterString>
              </gmd:description>
              <gmd:function>
                <gmd:CI_OnLineFunctionCode codeList="http://standards.iso.org/iso/19139/resources/gmxCodelists.xml#CI_OnLineFunctionCode" codeListValue="download" />
              </gmd:function>
            </gmd:CI_OnlineResource>
          </gmd:onLine>
          <gmd:onLine xmlns:che="http://www.geocat.ch/2008/che">
            <gmd:CI_OnlineResource>
              <gmd:linkage>
                <gmd:URL>https://qgisserver.hautsdefrance.fr/cgi-bin/qgis_mapserv.fcgi?MAP=/var/www/data/qgis/applications/limites_admin.qgz</gmd:URL>
              </gmd:linkage>
              <gmd:protocol>
                <gco:CharacterString>OGC:WMS</gco:CharacterString>
              </gmd:protocol>
              <gmd:name>
                <gco:CharacterString>scot_archives</gco:CharacterString>
              </gmd:name>
              <gmd:description>
                <gco:CharacterString>scot remplacé</gco:CharacterString>
              </gmd:description>
            </gmd:CI_OnlineResource>
          </gmd:onLine>
          <gmd:onLine xmlns:che="http://www.geocat.ch/2008/che">
            <gmd:CI_OnlineResource>
              <gmd:linkage>
                <gmd:URL>https://qgisserver.hautsdefrance.fr/cgi-bin/qgis_mapserv.fcgi?MAP=/var/www/data/qgis/applications/limites_admin.qgz</gmd:URL>
              </gmd:linkage>
              <gmd:protocol>
                <gco:CharacterString>OGC:WFS</gco:CharacterString>
              </gmd:protocol>
              <gmd:name>
                <gco:CharacterString>scot_archives</gco:CharacterString>
              </gmd:name>
              <gmd:description>
                <gco:CharacterString>scot remplacé</gco:CharacterString>
              </gmd:description>
            </gmd:CI_OnlineResource>
          </gmd:onLine>
          <gmd:onLine xmlns:che="http://www.geocat.ch/2008/che">
            <gmd:CI_OnlineResource>
              <gmd:linkage>
                <gmd:URL>https://qgisserver.hautsdefrance.fr/cgi-bin/qgis_mapserv.fcgi?MAP=/var/www/data/qgis/applications/limites_admin.qgz&amp;request=GetFeature&amp;typename=scot_archives&amp;outputformat=csv&amp;service=WFS</gmd:URL>
              </gmd:linkage>
              <gmd:protocol>
                <gco:CharacterString>WWW:LINK-1.0-http--link</gco:CharacterString>
              </gmd:protocol>
              <gmd:name>
                <gco:CharacterString>scot_archives - CSV</gco:CharacterString>
              </gmd:name>
              <gmd:description>
                <gco:CharacterString>Scot remplacé</gco:CharacterString>
              </gmd:description>
            </gmd:CI_OnlineResource>
          </gmd:onLine>
          <gmd:onLine xmlns:che="http://www.geocat.ch/2008/che">
            <gmd:CI_OnlineResource>
              <gmd:linkage>
                <gmd:URL>https://qgisserver.hautsdefrance.fr/cgi-bin/qgis_mapserv.fcgi?MAP=/var/www/data/qgis/applications/limites_admin.qgz&amp;request=GetFeature&amp;typename=scot_archives&amp;outputformat=geojson&amp;service=WFS</gmd:URL>
              </gmd:linkage>
              <gmd:protocol>
                <gco:CharacterString>WWW:LINK-1.0-http--link</gco:CharacterString>
              </gmd:protocol>
              <gmd:name>
                <gco:CharacterString>scot_archives - Geojson</gco:CharacterString>
              </gmd:name>
              <gmd:description>
                <gco:CharacterString>Scot remplacé</gco:CharacterString>
              </gmd:description>
              <gmd:function>
                <gmd:CI_OnLineFunctionCode codeList="http://standards.iso.org/iso/19139/resources/gmxCodelists.xml#CI_OnLineFunctionCode" codeListValue="download" />
              </gmd:function>
            </gmd:CI_OnlineResource>
          </gmd:onLine>
          <gmd:onLine>
            <gmd:CI_OnlineResource>
              <gmd:linkage>
                <gmd:URL>https://sig.hautsdefrance.fr/ext/opendata/Referentiel/SCoT_Dictionnnaire_attributs_2023.xlsx</gmd:URL>
              </gmd:linkage>
              <gmd:protocol>
                <gco:CharacterString>WWW:LINK-1.0-http--related</gco:CharacterString>
              </gmd:protocol>
              <gmd:name>
                <gco:CharacterString>Dictionnaire d'attributs des Scot 2023</gco:CharacterString>
              </gmd:name>
              <gmd:description>
                <gco:CharacterString>Dictionnaire d'attributs des Scot</gco:CharacterString>
              </gmd:description>
              <gmd:function>
                <gmd:CI_OnLineFunctionCode codeList="http://standards.iso.org/iso/19139/resources/gmxCodelists.xml#CI_OnLineFunctionCode" codeListValue="download" />
              </gmd:function>
            </gmd:CI_OnlineResource>
          </gmd:onLine>
          <gmd:onLine>
            <gmd:CI_OnlineResource>
              <gmd:linkage>
                <gmd:URL>https://mel.integration.apps.gs-fr-prod.camptocamp.com/data/ogcapi/collections/liste-des-jardins-familiaux-et-partages-de-roubaix/items?</gmd:URL>
              </gmd:linkage>
              <gmd:protocol>
                <gmx:MimeFileType type="">OGC API - Features</gmx:MimeFileType>
              </gmd:protocol>
              <gmd:name>
                <gco:CharacterString>test ogc</gco:CharacterString>
              </gmd:name>
            </gmd:CI_OnlineResource>
          </gmd:onLine>
        </gmd:MD_DigitalTransferOptions>
      </gmd:transferOptions>
    </gmd:MD_Distribution>
  </gmd:distributionInfo>
  <gmd:dataQualityInfo>
    <gmd:DQ_DataQuality>
      <gmd:scope>
        <gmd:DQ_Scope>
          <gmd:level>
            <gmd:MD_ScopeCode codeListValue="dataset" codeList="http://standards.iso.org/iso/19139/resources/gmxCodelists.xml#MD_ScopeCode" />
          </gmd:level>
        </gmd:DQ_Scope>
      </gmd:scope>
      <gmd:report>
        <gmd:DQ_DomainConsistency>
          <gmd:result>
            <gmd:DQ_ConformanceResult>
              <gmd:specification>
                <gmd:CI_Citation>
                  <gmd:title>
                    <gco:CharacterString>-- Titre d'une spécification à laquelle la série de données est conforme ou non --</gco:CharacterString>
                  </gmd:title>
                  <gmd:date>
                    <gmd:CI_Date>
                      <gmd:date>
                        <gco:Date>2000-01-01</gco:Date>
                      </gmd:date>
                      <gmd:dateType>
                        <gmd:CI_DateTypeCode codeList="http://standards.iso.org/iso/19139/resources/gmxCodelists.xml#CI_DateTypeCode" codeListValue="publication" />
                      </gmd:dateType>
                    </gmd:CI_Date>
                  </gmd:date>
                </gmd:CI_Citation>
              </gmd:specification>
              <gmd:explanation>
                <gco:CharacterString>-- Information sur l'évaluation de la conformité (non INSPIRE) --</gco:CharacterString>
              </gmd:explanation>
              <gmd:pass>
                <gco:Boolean>1</gco:Boolean>
              </gmd:pass>
            </gmd:DQ_ConformanceResult>
          </gmd:result>
        </gmd:DQ_DomainConsistency>
      </gmd:report>
      <gmd:lineage>
        <gmd:LI_Lineage>
          <gmd:statement>
            <gco:CharacterString>Région Hauts-de-France, Dreal, IGN BD Topo

Les données produites s'appuient sur le modèle CNIG de juin 2018 relatif aux SCoT : http://cnig.gouv.fr/wp-content/uploads/2019/04/190315_Standard_CNIG_SCOT.pdf

La structure a été modifiée au 03/2023 pour prendre en compte les évolutions du modèle CNIG du 10/06/2021 :
http://cnig.gouv.fr/IMG/pdf/210615_standard_cnig_nouveauscot.pdf
(il coexiste donc dans le modèle des champs liés aux deux modèles, par exemple sur les PADD pour les "anciens" SCoT, ou encore sur les PAS ou les DAAC pour les "nouveaux" SCoT)</gco:CharacterString>
          </gmd:statement>
        </gmd:LI_Lineage>
      </gmd:lineage>
    </gmd:DQ_DataQuality>
  </gmd:dataQualityInfo>
</gmd:MD_Metadata>