<?xml version="1.0" encoding="UTF-8"?>
<mdb:MD_Metadata xmlns:mdb="http://standards.iso.org/iso/19115/-3/mdb/2.0" xmlns:xsi="http://www.w3.org/2001/XMLSchema-instance" xmlns:cat="http://standards.iso.org/iso/19115/-3/cat/1.0" xmlns:gfc="http://standards.iso.org/iso/19110/gfc/1.1" xmlns:cit="http://standards.iso.org/iso/19115/-3/cit/2.0" xmlns:gcx="http://standards.iso.org/iso/19115/-3/gcx/1.0" xmlns:gex="http://standards.iso.org/iso/19115/-3/gex/1.0" xmlns:lan="http://standards.iso.org/iso/19115/-3/lan/1.0" xmlns:srv="http://standards.iso.org/iso/19115/-3/srv/2.0" xmlns:mas="http://standards.iso.org/iso/19115/-3/mas/1.0" xmlns:mcc="http://standards.iso.org/iso/19115/-3/mcc/1.0" xmlns:mco="http://standards.iso.org/iso/19115/-3/mco/1.0" xmlns:mda="http://standards.iso.org/iso/19115/-3/mda/1.0" xmlns:mds="http://standards.iso.org/iso/19115/-3/mds/2.0" xmlns:mdt="http://standards.iso.org/iso/19115/-3/mdt/2.0" xmlns:mex="http://standards.iso.org/iso/19115/-3/mex/1.0" xmlns:mmi="http://standards.iso.org/iso/19115/-3/mmi/1.0" xmlns:mpc="http://standards.iso.org/iso/19115/-3/mpc/1.0" xmlns:mrc="http://standards.iso.org/iso/19115/-3/mrc/2.0" xmlns:mrd="http://standards.iso.org/iso/19115/-3/mrd/1.0" xmlns:mri="http://standards.iso.org/iso/19115/-3/mri/1.0" xmlns:mrl="http://standards.iso.org/iso/19115/-3/mrl/2.0" xmlns:mrs="http://standards.iso.org/iso/19115/-3/mrs/1.0" xmlns:msr="http://standards.iso.org/iso/19115/-3/msr/2.0" xmlns:mdq="http://standards.iso.org/iso/19157/-2/mdq/1.0" xmlns:mac="http://standards.iso.org/iso/19115/-3/mac/2.0" xmlns:gco="http://standards.iso.org/iso/19115/-3/gco/1.0" xmlns:gml="http://www.opengis.net/gml/3.2" xmlns:xlink="http://www.w3.org/1999/xlink" xmlns:geonet="http://www.fao.org/geonetwork" xsi:schemaLocation="http://standards.iso.org/iso/19115/-3/mdb/2.0 https://schemas.isotc211.org/19115/-3/mdb/2.0/mdb.xsd">
  <mdb:metadataIdentifier>
    <mcc:MD_Identifier>
      <mcc:code>
        <gco:CharacterString>accroche_velos</gco:CharacterString>
      </mcc:code>
      <mcc:codeSpace>
        <gco:CharacterString>urn:uuid</gco:CharacterString>
      </mcc:codeSpace>
    </mcc:MD_Identifier>
  </mdb:metadataIdentifier>
  <mdb:defaultLocale>
    <lan:PT_Locale id="FR">
      <lan:language>
        <lan:LanguageCode codeList="http://www.loc.gov/standards/iso639-2/" codeListValue="fre" />
      </lan:language>
      <lan:characterEncoding>
        <lan:MD_CharacterSetCode codeList="http://standards.iso.org/iso/19115/resources/Codelists/cat/codelists.xml#MD_CharacterSetCode" codeListValue="" />
      </lan:characterEncoding>
    </lan:PT_Locale>
  </mdb:defaultLocale>
  <mdb:metadataScope>
    <mdb:MD_MetadataScope>
      <mdb:resourceScope>
        <mcc:MD_ScopeCode codeList="http://standards.iso.org/iso/19115/resources/Codelists/cat/codelists.xml#MD_ScopeCode" codeListValue="" />
      </mdb:resourceScope>
    </mdb:MD_MetadataScope>
  </mdb:metadataScope>
  <mdb:contact>
    <cit:CI_Responsibility>
      <cit:role>
        <cit:CI_RoleCode codeList="http://standards.iso.org/iso/19115/resources/Codelists/cat/codelists.xml#CI_RoleCode" codeListValue="publisher" />
      </cit:role>
      <cit:party>
        <cit:CI_Organisation>
          <cit:name>
            <gco:CharacterString>Métropole Européenne de Lille</gco:CharacterString>
          </cit:name>
          <cit:contactInfo>
            <cit:CI_Contact>
              <cit:address>
                <cit:CI_Address>
                  <cit:electronicMailAddress gco:nilReason="missing">
                    <gco:CharacterString />
                  </cit:electronicMailAddress>
                </cit:CI_Address>
              </cit:address>
            </cit:CI_Contact>
          </cit:contactInfo>
        </cit:CI_Organisation>
      </cit:party>
    </cit:CI_Responsibility>
  </mdb:contact>
  <mdb:dateInfo>
    <cit:CI_Date>
      <cit:date>
        <gco:DateTime>2020-01-30T08:04:00+00:00</gco:DateTime>
      </cit:date>
      <cit:dateType>
        <cit:CI_DateTypeCode codeList="codeListLocation#CI_DateTypeCode" codeListValue="creation" />
      </cit:dateType>
    </cit:CI_Date>
  </mdb:dateInfo>
  <mdb:dateInfo>
    <cit:CI_Date>
      <cit:date>
        <gco:DateTime>2024-05-03T13:34:34.938Z</gco:DateTime>
      </cit:date>
      <cit:dateType>
        <cit:CI_DateTypeCode codeList="http://standards.iso.org/iso/19115/resources/Codelists/cat/codelists.xml#CI_DateTypeCode" codeListValue="revision" />
      </cit:dateType>
    </cit:CI_Date>
  </mdb:dateInfo>
  <mdb:metadataStandard>
    <cit:CI_Citation>
      <cit:title>
        <gco:CharacterString>ISO 19115-3</gco:CharacterString>
      </cit:title>
    </cit:CI_Citation>
  </mdb:metadataStandard>
  <mdb:metadataLinkage>
    <cit:CI_OnlineResource>
      <cit:linkage>
        <gco:CharacterString>http://localhost:8080/geonetwork/srv/api/records/accroche_velos</gco:CharacterString>
      </cit:linkage>
      <cit:function>
        <cit:CI_OnLineFunctionCode codeList="http://standards.iso.org/iso/19115/resources/Codelists/cat/codelists.xml#CI_OnLineFunctionCode" codeListValue="completeMetadata" />
      </cit:function>
    </cit:CI_OnlineResource>
  </mdb:metadataLinkage>
  <mdb:identificationInfo>
    <mri:MD_DataIdentification>
      <mri:citation>
        <cit:CI_Citation>
          <cit:title>
            <gco:CharacterString>Accroches vélos MEL</gco:CharacterString>
          </cit:title>
          <cit:date>
            <cit:CI_Date>
              <cit:date>
                <gco:Date />
              </cit:date>
              <cit:dateType>
                <cit:CI_DateTypeCode codeList="http://standards.iso.org/iso/19115/resources/Codelists/cat/codelists.xml#CI_DateTypeCode" codeListValue="creation" />
              </cit:dateType>
            </cit:CI_Date>
          </cit:date>
        </cit:CI_Citation>
      </mri:citation>
      <mri:abstract>
        <gco:CharacterString>&lt;p&gt;&lt;/p&gt;&lt;p&gt;Localisation des accroches vélo du territoire de la MEL.&lt;/p&gt;&lt;p&gt;Attention l’implantation de ces accroches-vélos peut évoluer rapidement et peut ne pas être exhaustif.&lt;/p&gt;
&lt;img src="https://www.lillemetropole.fr/sites/default/files/styles/header_image/public/images/accrochevelo.jpg?itok=sZUbIWF1" style="width: 50%;"/&gt;&lt;p&gt;&lt;/p&gt;&lt;p&gt;Pour en savoir plus : &lt;a href="https://www.lillemetropole.fr/actualites/bientot-mille-accroche-velos" target="_blank"&gt;Cliquez ici&lt;/a&gt;&lt;/p&gt;
&lt;p&gt;Ce dispositif vient en complément  des arceaux vélos implantés par chacune des Villes.&lt;/p&gt;</gco:CharacterString>
      </mri:abstract>
      <mri:pointOfContact>
        <cit:CI_Responsibility>
          <cit:role>
            <cit:CI_RoleCode codeList="http://standards.iso.org/iso/19115/resources/Codelists/cat/codelists.xml#CI_RoleCode" codeListValue="originator" />
          </cit:role>
          <cit:party>
            <cit:CI_Organisation>
              <cit:name>
                <gco:CharacterString>Métropole Européenne de Lille</gco:CharacterString>
              </cit:name>
              <cit:contactInfo>
                <cit:CI_Contact>
                  <cit:address>
                    <cit:CI_Address>
                      <cit:electronicMailAddress gco:nilReason="missing">
                        <gco:CharacterString />
                      </cit:electronicMailAddress>
                    </cit:CI_Address>
                  </cit:address>
                </cit:CI_Contact>
              </cit:contactInfo>
            </cit:CI_Organisation>
          </cit:party>
        </cit:CI_Responsibility>
      </mri:pointOfContact>
      <mri:descriptiveKeywords>
        <mri:MD_Keywords>
          <mri:keyword>
            <gco:CharacterString>Vélo</gco:CharacterString>
          </mri:keyword>
          <mri:keyword>
            <gco:CharacterString>accroche</gco:CharacterString>
          </mri:keyword>
          <mri:keyword>
            <gco:CharacterString>accroche-vélo</gco:CharacterString>
          </mri:keyword>
          <mri:keyword>
            <gco:CharacterString>attache</gco:CharacterString>
          </mri:keyword>
          <mri:keyword>
            <gco:CharacterString>bike</gco:CharacterString>
          </mri:keyword>
          <mri:keyword>
            <gco:CharacterString>cadenas</gco:CharacterString>
          </mri:keyword>
          <mri:keyword>
            <gco:CharacterString>Sécurité</gco:CharacterString>
          </mri:keyword>
        </mri:MD_Keywords>
      </mri:descriptiveKeywords>
      <mri:descriptiveKeywords>
        <mri:MD_Keywords>
          <mri:keyword>
            <gco:CharacterString>Transports, Déplacements</gco:CharacterString>
          </mri:keyword>
          <mri:type>
            <mri:MD_KeywordTypeCode codeListValue="theme" codeList="http://standards.iso.org/iso/19115/resources/Codelists/cat/codelists.xml#MD_KeywordTypeCode" />
          </mri:type>
        </mri:MD_Keywords>
      </mri:descriptiveKeywords>
      <mri:resourceConstraints>
        <mco:MD_LegalConstraints>
          <mco:reference>
            <cit:CI_Citation>
              <cit:title>
                <gco:CharacterString>Licence Ouverte v2.0 (Etalab)</gco:CharacterString>
              </cit:title>
              <cit:onlineResource>
                <cit:CI_OnlineResource>
                  <cit:linkage>
                    <gco:CharacterString>https://www.etalab.gouv.fr/wp-content/uploads/2017/04/ETALAB-Licence-Ouverte-v2.0.pdf</gco:CharacterString>
                  </cit:linkage>
                </cit:CI_OnlineResource>
              </cit:onlineResource>
            </cit:CI_Citation>
          </mco:reference>
          <mco:accessConstraints>
            <mco:MD_RestrictionCode codeListValue="otherRestrictions" codeList="http://standards.iso.org/iso/19115/resources/Codelists/cat/codelists.xml#MD_RestrictionCode" />
          </mco:accessConstraints>
          <mco:useConstraints>
            <mco:MD_RestrictionCode codeListValue="otherRestrictions" codeList="http://standards.iso.org/iso/19115/resources/Codelists/cat/codelists.xml#MD_RestrictionCode" />
          </mco:useConstraints>
          <mco:otherConstraints>
            <gco:CharacterString>Licence Ouverte v2.0 (Etalab)</gco:CharacterString>
          </mco:otherConstraints>
        </mco:MD_LegalConstraints>
      </mri:resourceConstraints>
      <mri:resourceConstraints>
        <mco:MD_LegalConstraints>
          <mco:accessConstraints>
            <mco:MD_RestrictionCode codeList="http://standards.iso.org/iso/19115/resources/Codelists/cat/codelists.xml#MD_RestrictionCode" codeListValue="license" />
          </mco:accessConstraints>
          <mco:accessConstraints>
            <mco:MD_RestrictionCode codeList="http://standards.iso.org/iso/19115/resources/Codelists/cat/codelists.xml#MD_RestrictionCode" codeListValue="otherRestrictions" />
          </mco:accessConstraints>
          <mco:otherConstraints>
            <gco:CharacterString>etalab</gco:CharacterString>
          </mco:otherConstraints>
        </mco:MD_LegalConstraints>
      </mri:resourceConstraints>
      <mri:defaultLocale>
        <lan:PT_Locale>
          <lan:language>
            <lan:LanguageCode codeList="http://www.loc.gov/standards/iso639-2/" codeListValue="fre" />
          </lan:language>
          <lan:characterEncoding>
            <lan:MD_CharacterSetCode codeList="http://standards.iso.org/iso/19115/resources/Codelists/cat/codelists.xml#MD_CharacterSetCode" codeListValue="utf8" />
          </lan:characterEncoding>
        </lan:PT_Locale>
      </mri:defaultLocale>
    </mri:MD_DataIdentification>
  </mdb:identificationInfo>
  <mdb:contentInfo>
    <mrc:MD_FeatureCatalogue>
      <mrc:featureCatalogue>
        <gfc:FC_FeatureCatalogue>
          <gfc:producer />
          <gfc:featureType>
            <gfc:FC_FeatureType>
              <gfc:typeName>Accroches vélos MEL</gfc:typeName>
              <gfc:isAbstract>
                <gco:Boolean>false</gco:Boolean>
              </gfc:isAbstract>
              <gfc:carrierOfCharacteristics>
                <gfc:FC_FeatureAttribute>
                  <gfc:memberName>commune</gfc:memberName>
                  <gfc:definition>
                    <gco:CharacterString>commune</gco:CharacterString>
                  </gfc:definition>
                  <gfc:cardinality />
                  <gfc:valueType>
                    <gco:TypeName>
                      <gco:aName>
                        <gco:CharacterString>text</gco:CharacterString>
                      </gco:aName>
                    </gco:TypeName>
                  </gfc:valueType>
                </gfc:FC_FeatureAttribute>
              </gfc:carrierOfCharacteristics>
              <gfc:carrierOfCharacteristics>
                <gfc:FC_FeatureAttribute>
                  <gfc:memberName>libelle</gfc:memberName>
                  <gfc:definition>
                    <gco:CharacterString>libelle</gco:CharacterString>
                  </gfc:definition>
                  <gfc:cardinality />
                  <gfc:valueType>
                    <gco:TypeName>
                      <gco:aName>
                        <gco:CharacterString>text</gco:CharacterString>
                      </gco:aName>
                    </gco:TypeName>
                  </gfc:valueType>
                </gfc:FC_FeatureAttribute>
              </gfc:carrierOfCharacteristics>
              <gfc:carrierOfCharacteristics>
                <gfc:FC_FeatureAttribute>
                  <gfc:memberName>adresse</gfc:memberName>
                  <gfc:definition>
                    <gco:CharacterString>adresse</gco:CharacterString>
                  </gfc:definition>
                  <gfc:cardinality />
                  <gfc:valueType>
                    <gco:TypeName>
                      <gco:aName>
                        <gco:CharacterString>text</gco:CharacterString>
                      </gco:aName>
                    </gco:TypeName>
                  </gfc:valueType>
                </gfc:FC_FeatureAttribute>
              </gfc:carrierOfCharacteristics>
              <gfc:carrierOfCharacteristics>
                <gfc:FC_FeatureAttribute>
                  <gfc:memberName>type</gfc:memberName>
                  <gfc:definition>
                    <gco:CharacterString>type</gco:CharacterString>
                  </gfc:definition>
                  <gfc:cardinality />
                  <gfc:valueType>
                    <gco:TypeName>
                      <gco:aName>
                        <gco:CharacterString>text</gco:CharacterString>
                      </gco:aName>
                    </gco:TypeName>
                  </gfc:valueType>
                </gfc:FC_FeatureAttribute>
              </gfc:carrierOfCharacteristics>
              <gfc:carrierOfCharacteristics>
                <gfc:FC_FeatureAttribute>
                  <gfc:memberName>diametre</gfc:memberName>
                  <gfc:definition>
                    <gco:CharacterString>diametre</gco:CharacterString>
                  </gfc:definition>
                  <gfc:cardinality />
                  <gfc:valueType>
                    <gco:TypeName>
                      <gco:aName>
                        <gco:CharacterString>text</gco:CharacterString>
                      </gco:aName>
                    </gco:TypeName>
                  </gfc:valueType>
                </gfc:FC_FeatureAttribute>
              </gfc:carrierOfCharacteristics>
              <gfc:carrierOfCharacteristics>
                <gfc:FC_FeatureAttribute>
                  <gfc:memberName>geo_point_2d</gfc:memberName>
                  <gfc:definition>
                    <gco:CharacterString>Geo Point</gco:CharacterString>
                  </gfc:definition>
                  <gfc:cardinality />
                  <gfc:valueType>
                    <gco:TypeName>
                      <gco:aName>
                        <gco:CharacterString>geo_point_2d</gco:CharacterString>
                      </gco:aName>
                    </gco:TypeName>
                  </gfc:valueType>
                </gfc:FC_FeatureAttribute>
              </gfc:carrierOfCharacteristics>
              <gfc:carrierOfCharacteristics>
                <gfc:FC_FeatureAttribute>
                  <gfc:memberName>geo_shape</gfc:memberName>
                  <gfc:definition>
                    <gco:CharacterString>Geo Shape</gco:CharacterString>
                  </gfc:definition>
                  <gfc:cardinality />
                  <gfc:valueType>
                    <gco:TypeName>
                      <gco:aName>
                        <gco:CharacterString>geo_shape</gco:CharacterString>
                      </gco:aName>
                    </gco:TypeName>
                  </gfc:valueType>
                </gfc:FC_FeatureAttribute>
              </gfc:carrierOfCharacteristics>
              <gfc:carrierOfCharacteristics>
                <gfc:FC_FeatureAttribute>
                  <gfc:memberName>url</gfc:memberName>
                  <gfc:definition>
                    <gco:CharacterString>url</gco:CharacterString>
                  </gfc:definition>
                  <gfc:cardinality />
                  <gfc:valueType>
                    <gco:TypeName>
                      <gco:aName>
                        <gco:CharacterString>text</gco:CharacterString>
                      </gco:aName>
                    </gco:TypeName>
                  </gfc:valueType>
                </gfc:FC_FeatureAttribute>
              </gfc:carrierOfCharacteristics>
              <gfc:carrierOfCharacteristics>
                <gfc:FC_FeatureAttribute>
                  <gfc:memberName>registre</gfc:memberName>
                  <gfc:definition>
                    <gco:CharacterString>registre</gco:CharacterString>
                  </gfc:definition>
                  <gfc:cardinality />
                  <gfc:valueType>
                    <gco:TypeName>
                      <gco:aName>
                        <gco:CharacterString>text</gco:CharacterString>
                      </gco:aName>
                    </gco:TypeName>
                  </gfc:valueType>
                </gfc:FC_FeatureAttribute>
              </gfc:carrierOfCharacteristics>
              <gfc:carrierOfCharacteristics>
                <gfc:FC_FeatureAttribute>
                  <gfc:memberName>code_repere</gfc:memberName>
                  <gfc:definition>
                    <gco:CharacterString>code repere</gco:CharacterString>
                  </gfc:definition>
                  <gfc:cardinality />
                  <gfc:valueType>
                    <gco:TypeName>
                      <gco:aName>
                        <gco:CharacterString>text</gco:CharacterString>
                      </gco:aName>
                    </gco:TypeName>
                  </gfc:valueType>
                </gfc:FC_FeatureAttribute>
              </gfc:carrierOfCharacteristics>
              <gfc:carrierOfCharacteristics>
                <gfc:FC_FeatureAttribute>
                  <gfc:memberName />
                  <gfc:definition gco:nilReason="missing">
                    <gco:CharacterString />
                  </gfc:definition>
                  <gfc:cardinality />
                  <gfc:valueType>
                    <gco:TypeName>
                      <gco:aName>
                        <gco:CharacterString>text</gco:CharacterString>
                      </gco:aName>
                    </gco:TypeName>
                  </gfc:valueType>
                </gfc:FC_FeatureAttribute>
              </gfc:carrierOfCharacteristics>
              <gfc:featureCatalogue />
            </gfc:FC_FeatureType>
          </gfc:featureType>
        </gfc:FC_FeatureCatalogue>
      </mrc:featureCatalogue>
    </mrc:MD_FeatureCatalogue>
  </mdb:contentInfo>
  <mdb:distributionInfo>
    <mrd:MD_Distribution>
      <mrd:distributionFormat>
        <mrd:MD_Format>
          <mrd:formatSpecificationCitation>
            <cit:CI_Citation>
              <cit:title>
                <gco:CharacterString>csv</gco:CharacterString>
              </cit:title>
            </cit:CI_Citation>
          </mrd:formatSpecificationCitation>
        </mrd:MD_Format>
      </mrd:distributionFormat>
      <mrd:distributionFormat>
        <mrd:MD_Format>
          <mrd:formatSpecificationCitation>
            <cit:CI_Citation>
              <cit:title>
                <gco:CharacterString>json</gco:CharacterString>
              </cit:title>
            </cit:CI_Citation>
          </mrd:formatSpecificationCitation>
        </mrd:MD_Format>
      </mrd:distributionFormat>
      <mrd:distributionFormat>
        <mrd:MD_Format>
          <mrd:formatSpecificationCitation>
            <cit:CI_Citation>
              <cit:title>
                <gco:CharacterString>geojson</gco:CharacterString>
              </cit:title>
            </cit:CI_Citation>
          </mrd:formatSpecificationCitation>
        </mrd:MD_Format>
      </mrd:distributionFormat>
      <mrd:distributionFormat>
        <mrd:MD_Format>
          <mrd:formatSpecificationCitation>
            <cit:CI_Citation>
              <cit:title>
                <gco:CharacterString>shapefile</gco:CharacterString>
              </cit:title>
            </cit:CI_Citation>
          </mrd:formatSpecificationCitation>
        </mrd:MD_Format>
      </mrd:distributionFormat>
      <mrd:transferOptions>
        <mrd:MD_DigitalTransferOptions>
          <mrd:onLine>
            <cit:CI_OnlineResource>
              <cit:linkage>
                <gco:CharacterString>https://metropole-europeenne-de-lille.opendatasoft.com/explore/dataset/accroche_velos/download?format=csv&amp;timezone=Europe/Berlin&amp;use_labels_for_header=false</gco:CharacterString>
              </cit:linkage>
              <cit:protocol>
                <gco:CharacterString>WWW:DOWNLOAD:text/csv</gco:CharacterString>
              </cit:protocol>
              <cit:name>
                <gco:CharacterString>csv</gco:CharacterString>
              </cit:name>
              <cit:description>
                <gco:CharacterString>csv</gco:CharacterString>
              </cit:description>
              <cit:function>
                <cit:CI_OnLineFunctionCode codeList="http://standards.iso.org/iso/19115/resources/Codelists/cat/codelists.xml#CI_OnLineFunctionCode" codeListValue="fileAccess" />
              </cit:function>
            </cit:CI_OnlineResource>
          </mrd:onLine>
          <mrd:onLine>
            <cit:CI_OnlineResource>
              <cit:linkage>
                <gco:CharacterString>https://metropole-europeenne-de-lille.opendatasoft.com/explore/dataset/accroche_velos/download?format=json&amp;timezone=Europe/Berlin&amp;use_labels_for_header=false</gco:CharacterString>
              </cit:linkage>
              <cit:protocol>
                <gco:CharacterString>WWW:DOWNLOAD:application/json</gco:CharacterString>
              </cit:protocol>
              <cit:name>
                <gco:CharacterString>json</gco:CharacterString>
              </cit:name>
              <cit:description>
                <gco:CharacterString>json</gco:CharacterString>
              </cit:description>
              <cit:function>
                <cit:CI_OnLineFunctionCode codeList="http://standards.iso.org/iso/19115/resources/Codelists/cat/codelists.xml#CI_OnLineFunctionCode" codeListValue="fileAccess" />
              </cit:function>
            </cit:CI_OnlineResource>
          </mrd:onLine>
          <mrd:onLine>
            <cit:CI_OnlineResource>
              <cit:linkage>
                <gco:CharacterString>https://metropole-europeenne-de-lille.opendatasoft.com/explore/dataset/accroche_velos/download?format=geojson&amp;timezone=Europe/Berlin&amp;use_labels_for_header=false</gco:CharacterString>
              </cit:linkage>
              <cit:protocol>
                <gco:CharacterString>WWW:DOWNLOAD:application/vnd.geo+json</gco:CharacterString>
              </cit:protocol>
              <cit:name>
                <gco:CharacterString>geojson</gco:CharacterString>
              </cit:name>
              <cit:description>
                <gco:CharacterString>geojson</gco:CharacterString>
              </cit:description>
              <cit:function>
                <cit:CI_OnLineFunctionCode codeList="http://standards.iso.org/iso/19115/resources/Codelists/cat/codelists.xml#CI_OnLineFunctionCode" codeListValue="fileAccess" />
              </cit:function>
            </cit:CI_OnlineResource>
          </mrd:onLine>
          <mrd:onLine>
            <cit:CI_OnlineResource>
              <cit:linkage gco:nilReason="withheld">
                <gco:CharacterString>https://metropole-europeenne-de-lille.opendatasoft.com/explore/dataset/accroche_velos/download?format=shapefile&amp;timezone=Europe/Berlin&amp;use_labels_for_header=false</gco:CharacterString>
              </cit:linkage>
              <cit:protocol>
                <gco:CharacterString>WWW:DOWNLOAD:x-gis/x-shapefile</gco:CharacterString>
              </cit:protocol>
              <cit:name>
                <gco:CharacterString>shapefile</gco:CharacterString>
              </cit:name>
              <cit:description>
                <gco:CharacterString>shapefile</gco:CharacterString>
              </cit:description>
              <cit:function>
                <cit:CI_OnLineFunctionCode codeList="http://standards.iso.org/iso/19115/resources/Codelists/cat/codelists.xml#CI_OnLineFunctionCode" codeListValue="fileAccess" />
              </cit:function>
            </cit:CI_OnlineResource>
          </mrd:onLine>
          <mrd:onLine>
            <cit:CI_OnlineResource>
              <cit:linkage>
                <gco:CharacterString>https://mel.integration.apps.gs-fr-prod.camptocamp.com/data/ogcapi/collections/liste-des-jardins-familiaux-et-partages-de-roubaix/items?</gco:CharacterString>
              </cit:linkage>
              <cit:protocol>
                <gcx:MimeFileType type="">OGC API - Features</gcx:MimeFileType>
              </cit:protocol>
              <cit:name>
                <gco:CharacterString>Test OGC 1</gco:CharacterString>
              </cit:name>
              <cit:function>
                <cit:CI_OnLineFunctionCode codeList="http://standards.iso.org/iso/19115/resources/Codelists/cat/codelists.xml#CI_OnLineFunctionCode" codeListValue="fileAccess" />
              </cit:function>
            </cit:CI_OnlineResource>
          </mrd:onLine>
          <mrd:onLine>
            <cit:CI_OnlineResource>
              <cit:linkage>
                <gco:CharacterString>https://mel.integration.apps.gs-fr-prod.camptocamp.com/data/ogcapi/collections/covoit-mel/items?</gco:CharacterString>
              </cit:linkage>
              <cit:protocol>
                <gcx:MimeFileType type="">OGC API - Features</gcx:MimeFileType>
              </cit:protocol>
              <cit:name>
                <gco:CharacterString>Test OGC 2</gco:CharacterString>
              </cit:name>
              <cit:function>
                <cit:CI_OnLineFunctionCode codeList="http://standards.iso.org/iso/19115/resources/Codelists/cat/codelists.xml#CI_OnLineFunctionCode" codeListValue="fileAccess" />
              </cit:function>
            </cit:CI_OnlineResource>
          </mrd:onLine>
          <mrd:onLine>
            <cit:CI_OnlineResource>
              <cit:linkage>
                <gco:CharacterString>https://geobretagne.fr/geoserver/atout_fr/wms?</gco:CharacterString>
              </cit:linkage>
              <cit:protocol>
                <gco:CharacterString>OGC:WMS</gco:CharacterString>
              </cit:protocol>
              <cit:name>
                <gco:CharacterString>WFS link test</gco:CharacterString>
              </cit:name>
              <cit:function>
                <cit:CI_OnLineFunctionCode codeList="http://standards.iso.org/iso/19115/resources/Codelists/cat/codelists.xml#CI_OnLineFunctionCode" codeListValue="download" />
              </cit:function>
            </cit:CI_OnlineResource>
          </mrd:onLine>
        </mrd:MD_DigitalTransferOptions>
      </mrd:transferOptions>
      <mrd:transferOptions>
        <mrd:MD_DigitalTransferOptions>
          <mrd:onLine>
            <cit:CI_OnlineResource>
              <cit:linkage>
                <gco:CharacterString>https://metropole-europeenne-de-lille.opendatasoft.com/explore/dataset/accroche_velos/information/</gco:CharacterString>
              </cit:linkage>
              <cit:protocol>
                <gco:CharacterString>WWW:LINK:LANDING_PAGE</gco:CharacterString>
              </cit:protocol>
              <cit:name>
                <gco:CharacterString>Landing Page</gco:CharacterString>
              </cit:name>
              <cit:description gco:nilReason="missing">
                <gco:CharacterString />
              </cit:description>
            </cit:CI_OnlineResource>
          </mrd:onLine>
        </mrd:MD_DigitalTransferOptions>
      </mrd:transferOptions>
    </mrd:MD_Distribution>
  </mdb:distributionInfo>
  <mdb:resourceLineage>
    <mrl:LI_Lineage>
      <mrl:statement gco:nilReason="missing">
        <gco:CharacterString />
      </mrl:statement>
      <mrl:scope>
        <mcc:MD_Scope>
          <mcc:level>
            <mcc:MD_ScopeCode codeList="http://standards.iso.org/iso/19115/resources/Codelists/cat/codelists.xml#MD_ScopeCode" codeListValue="dataset" />
          </mcc:level>
        </mcc:MD_Scope>
      </mrl:scope>
    </mrl:LI_Lineage>
  </mdb:resourceLineage>
</mdb:MD_Metadata>