"schema";"uuid";"id";"type";"isHarvested";"title";"abstract"
"iso19139";"02b1ef9c-d53c-400f-81bf-38dec751ce76";"731";"METADATA";"true";"-";"-"
"iso19139";"a8b5e6c0-c21d-4c32-b8f9-10830215890a";"108";"METADATA";"false";"-";"-"
"iso19115-3.2018";"accroche_velos";"103";"METADATA";"false";"-";"-"
"iso19139";"a3774ef6-809d-4dd1-984f-9254f49cbd0a";"747";"METADATA";"false";"-";"-"
"iso19139";"ce551730-ee1a-4de3-9b49-7e432375d08a";"752";"METADATA";"false";"-";"-"
"iso19139";"urn:isogeo:metadata:uuid:1355be63-7f12-41f7-bcc8-724146679eb3";"106";"METADATA";"false";"-";"-"
"iso19139";"00487222-9fc0-490c-8f28-07dda6df08fc";"720";"METADATA";"true";"-";"-"
"iso19139";"011963da-afc0-494c-a2cc-5cbd59e122e4";"724";"METADATA";"true";"-";"-"
"iso19139";"00b22798-ec8e-4500-89e8-90eeeda45919";"723";"METADATA";"true";"-";"-"
"iso19139";"8698bf0b-fceb-4f0f-989b-111e7c4af0a4";"107";"METADATA";"false";"-";"-"
"iso19139";"9e1ea778-d0ce-4b49-90b7-37bc0e448300";"735";"METADATA";"false";"-";"-"
"iso19139";"009b5029-5651-4be4-9a9a-db8d8dfd05d0";"722";"METADATA";"true";"-";"-"
"iso19139";"02dc0153-d7bb-470a-bc9b-cd53d3d84da6";"732";"METADATA";"true";"-";"-"
"iso19115-3.2018";"50aa3037-ac17-4c0d-ad15-b43a5a0929ae";"749";"METADATA";"false";"-";"-"
"iso19139";"ee965118-2416-4d48-b07e-bbc696f002c2";"100";"METADATA";"false";"-";"-"
"iso19139";"9bac358b-11ec-4293-aeef-5a077b778412";"755";"METADATA";"false";"-";"-"
"iso19139";"014a4971-03f6-4da1-a8e4-aa07d428ba9e";"726";"METADATA";"true";"-";"-"
"iso19139";"004571b9-4649-42b3-9c28-a8cdc2bf53c7";"719";"METADATA";"true";"-";"-"
"iso19139";"7eb795c2-d612-4b5e-b15e-d985b0f4e697";"751";"METADATA";"false";"-";"-"
"iso19139";"e27e7006-fdf9-4004-b6c5-af2a5a5c025c";"733";"METADATA";"false";"-";"-"
"iso19139";"00916a35-786b-4569-9da6-71ca64ca54b1";"721";"METADATA";"true";"-";"-"
"iso19139";"4e2e361b-02cf-499f-b16e-7eff87925e40";"754";"METADATA";"false";"-";"-"
"iso19139";"01ec6ec7-6454-4504-ac95-befb16bacb0e";"727";"METADATA";"true";"-";"-"
"iso19139";"04bcec79-5b25-4b16-b635-73115f7456e4";"104";"METADATA";"false";"-";"-"
"iso19139";"01491630-78ce-49f3-b479-4b30dabc4c69";"725";"METADATA";"true";"-";"-"
"iso19139";"fr-120066022-jdd-f20f8125-877e-46dc-8cf8-2a8a372045eb";"102";"METADATA";"false";"-";"-"
"iso19139";"6d0bfdf4-4e94-48c6-9740-3f9facfd453c";"101";"METADATA";"false";"-";"-"
"iso19139";"ed34db28-5dd4-480f-bf29-dc08f0086131";"748";"METADATA";"false";"-";"-"
"iso19115-3.2018";"zzz_nl_test_wfs_syth_la_ciotat";"753";"METADATA";"false";"-";"-"
"iso19115-3.2018";"n_tri_lill_inondable_s_059";"750";"METADATA";"false";"-";"-"
"iso19139";"02366c9c-3b4d-4c92-803b-f4d2d8b434a5";"729";"METADATA";"true";"-";"-"
"iso19139";"020c04f8-cc3d-4cd7-8af7-336b0a1a58f5";"728";"METADATA";"true";"-";"-"
"iso19139";"02a63353-b1ad-487b-a343-b4971eaf4a98";"730";"METADATA";"true";"-";"-"
