<?xml version="1.0" encoding="UTF-8"?>
<info version="1.1">
  <general>
    <createDate>2022-07-14T13:59:35.221Z</createDate>
    <changeDate>2022-07-14T13:59:35.221Z</changeDate>
    <schema>iso19139</schema>
    <isTemplate>n</isTemplate>
    <localId>721</localId>
    <format>full</format>
    <rating>0</rating>
    <popularity>1</popularity>
    <uuid>00916a35-786b-4569-9da6-71ca64ca54b1</uuid>
    <siteId>cec997ba-1fa4-48d9-8be0-890da8cc65cf</siteId>
    <siteName>Test GeoNetwork-UI instance</siteName>
  </general>
  <categories />
  <privileges>
    <group name="all">
      <operation name="view" />
      <operation name="dynamic" />
      <operation name="download" />
    </group>
  </privileges>
  <public />
  <private />
</info>

