<?xml version="1.0" encoding="UTF-8"?>
<info version="1.1">
  <general>
    <createDate>2021-06-08T14:08:00.968Z</createDate>
    <changeDate>2021-06-08T14:08:00.968Z</changeDate>
    <schema>iso19139</schema>
    <isTemplate>n</isTemplate>
    <localId>731</localId>
    <format>full</format>
    <rating>0</rating>
    <popularity>0</popularity>
    <uuid>02b1ef9c-d53c-400f-81bf-38dec751ce76</uuid>
    <siteId>cec997ba-1fa4-48d9-8be0-890da8cc65cf</siteId>
    <siteName>Test GeoNetwork-UI instance</siteName>
  </general>
  <categories />
  <privileges>
    <group name="all">
      <operation name="view" />
      <operation name="dynamic" />
      <operation name="download" />
    </group>
  </privileges>
  <public />
  <private />
</info>

