<?xml version="1.0" encoding="UTF-8"?>
<info version="1.1">
  <general>
    <createDate>2019-10-14T10:12:41Z</createDate>
    <changeDate>2019-10-14T10:12:41Z</changeDate>
    <schema>iso19139</schema>
    <isTemplate>n</isTemplate>
    <localId>720</localId>
    <format>full</format>
    <rating>0</rating>
    <popularity>0</popularity>
    <uuid>00487222-9fc0-490c-8f28-07dda6df08fc</uuid>
    <siteId>cec997ba-1fa4-48d9-8be0-890da8cc65cf</siteId>
    <siteName>Test GeoNetwork-UI instance</siteName>
  </general>
  <categories />
  <privileges>
    <group name="all">
      <operation name="view" />
      <operation name="dynamic" />
      <operation name="download" />
    </group>
  </privileges>
  <public />
  <private />
</info>

